loan_id,framework_segment,facility_type,security_type,industry,ead,realised_lgd,origination_year,default_year,origination_year_source,lgd_base_framework,lgd_downturn_framework,lgd_final_framework
1,Receivables / Invoice Finance,Revolving Credit,PPSR - Receivables,Construction,6808255.93,0.927459,2019,2022,proxy_years_on_book_3.0y,0.99,1.0,1.0
2,Receivables / Invoice Finance,Term Loan,PPSR - Receivables,Retail Trade,9645011.14,0.555184,2021,2024,proxy_years_on_book_3.0y,0.767039260011899,0.9011400214152102,0.9361400214152102
3,Overdraft / Revolver,Revolving Credit,PPSR - Mixed,Health Care,1875028.82,0.789355,2020,2023,proxy_years_on_book_3.0y,0.8306267300752582,0.9066849765864311,0.9516849765864311
4,SME / Middle-Market Term Lending,Term Loan,PPSR - Mixed,Construction,14267537.51,0.93268,2021,2024,proxy_years_on_book_3.0y,0.98,1.0,1.0
5,Trade / Contingent Facilities (Proxy),Overdraft,GSR Only,Health Care,14382220.2,0.808922,2017,2020,proxy_years_on_book_3.0y,0.8098619677988526,0.9240247367985424,0.9490247367985424
6,Overdraft / Revolver,Overdraft,PPSR - Mixed,Wholesale Trade,13488544.28,0.837798,2020,2023,proxy_years_on_book_3.0y,0.9478474374656555,1.0,1.0
7,SME / Middle-Market Term Lending,Term Loan,PPSR - Mixed,Real Estate,14748877.24,0.805539,2018,2021,proxy_years_on_book_3.0y,0.8783055171428571,0.9950826765541257,1.0
8,SME / Middle-Market Term Lending,Term Loan,Property,Construction,13382330.64,0.420584,2021,2024,proxy_years_on_book_3.0y,0.5510026672546828,0.6438076791652776,0.6838076791652776
9,SME / Middle-Market Term Lending,Term Loan,Property,Arts & Recreation,11801975.11,0.489492,2016,2019,proxy_years_on_book_3.0y,0.57433248,0.6447460249363199,0.68474602493632
10,SME / Middle-Market Term Lending,Term Loan,GSR Only,Utilities,8182683.17,0.779603,2021,2024,proxy_years_on_book_3.0y,0.84037457,0.9367537679350201,0.9767537679350201
11,Asset / Equipment Finance,Revolving Credit,PPSR - P&E,Accommodation & Food,7615780.42,0.690766,2017,2020,proxy_years_on_book_3.0y,0.7713069585115175,0.8666221358176285,0.8966221358176285
12,Receivables / Invoice Finance,Revolving Credit,PPSR - Receivables,Construction,11184921.95,0.63589,2016,2019,proxy_years_on_book_3.0y,0.8018675467170557,0.9196227530360678,0.9546227530360678
13,Overdraft / Revolver,Revolving Credit,PPSR - Mixed,Arts & Recreation,3173655.5,0.874714,2015,2018,proxy_years_on_book_3.0y,0.9560995429120416,0.9998255997821268,1.0
14,SME / Middle-Market Term Lending,Term Loan,Property,Financial Services,3325951.8,0.323799,2015,2018,proxy_years_on_book_3.0y,0.38662106,0.38662106,0.42662106
15,Receivables / Invoice Finance,Term Loan,PPSR - Receivables,Accommodation & Food,6591590.05,0.950358,2020,2023,proxy_years_on_book_3.0y,0.99,1.0,1.0
16,SME / Middle-Market Term Lending,Term Loan,Property,Mining,11251284.64,0.14622,2018,2021,proxy_years_on_book_3.0y,0.20460749999999997,0.21688395,0.3
17,Receivables / Invoice Finance,Term Loan,PPSR - Receivables,Financial Services,10811953.31,0.702829,2019,2022,proxy_years_on_book_3.0y,0.8710653606287404,0.9969514392875372,1.0
18,Overdraft / Revolver,Overdraft,Property,Construction,4676523.42,0.0,2018,2021,proxy_years_on_book_3.0y,0.053098349763482,0.056360892939137895,0.48
19,Overdraft / Revolver,Overdraft,PPSR - Mixed,Manufacturing,6883662.25,0.771313,2017,2020,proxy_years_on_book_3.0y,0.8550778532812564,0.8664190591071289,0.911419059107129
20,Trade / Contingent Facilities (Proxy),Overdraft,GSR Only,Professional Services,7391290.45,0.927647,2018,2021,proxy_years_on_book_3.0y,0.8265663388243791,0.9365031653101472,0.9615031653101472
21,Overdraft / Revolver,Revolving Credit,PPSR - Mixed,Professional Services,12814592.95,0.505874,2019,2022,proxy_years_on_book_3.0y,0.5955612424148657,0.6247452983410217,0.6697452983410217
22,Asset / Equipment Finance,Term Loan,PPSR - P&E,Retail Trade,14184494.37,0.570873,2018,2021,proxy_years_on_book_3.0y,0.5520460869587108,0.6035824991055335,0.6335824991055335
23,Overdraft / Revolver,Revolving Credit,PPSR - Mixed,Transport,12159750.62,0.885056,2016,2019,proxy_years_on_book_3.0y,0.9764213779866693,1.0,1.0
24,Overdraft / Revolver,Revolving Credit,PPSR - Mixed,Professional Services,2610338.64,0.828032,2019,2022,proxy_years_on_book_3.0y,0.8552377125746193,0.8714343590655674,0.9164343590655675
25,Asset / Equipment Finance,Revolving Credit,PPSR - P&E,Professional Services,7886335.95,0.67147,2017,2020,proxy_years_on_book_3.0y,0.6154214681106205,0.6790731308370067,0.7090731308370067
26,SME / Middle-Market Term Lending,Term Loan,GSR Only,Accommodation & Food,10799317.6,0.868143,2016,2019,proxy_years_on_book_3.0y,0.9544890466167015,1.0,1.0
27,Asset / Equipment Finance,Term Loan,PPSR - P&E,Professional Services,790302.89,0.627718,2015,2018,proxy_years_on_book_3.0y,0.5756323911193064,0.6239216755375777,0.6539216755375777
28,Overdraft / Revolver,Overdraft,PPSR - Mixed,Financial Services,8627611.77,0.570459,2019,2022,proxy_years_on_book_3.0y,0.6479992016379416,0.6818265549683314,0.7268265549683315
29,SME / Middle-Market Term Lending,Term Loan,PPSR - Mixed,Agriculture,14886294.74,0.62817,2018,2021,proxy_years_on_book_3.0y,0.6821298,0.71623629,0.75623629
30,Receivables / Invoice Finance,Term Loan,PPSR - Receivables,Arts & Recreation,11477717.86,0.692341,2019,2022,proxy_years_on_book_3.0y,0.8877876143884825,1.0,1.0
31,Asset / Equipment Finance,Revolving Credit,PPSR - P&E,Manufacturing,12312407.65,0.412082,2018,2021,proxy_years_on_book_3.0y,0.4982229312981311,0.5337535571940261,0.5637535571940261
32,Overdraft / Revolver,Overdraft,Property,Agriculture,2639115.73,0.0,2018,2021,proxy_years_on_book_3.0y,0.10127343393620708,0.1082444501913036,0.48
33,Trade / Contingent Facilities (Proxy),Revolving Credit,GSR Only,Utilities,8666795.23,0.833281,2019,2022,proxy_years_on_book_3.0y,0.8237010492848504,0.9429274833800532,0.9679274833800532
34,Receivables / Invoice Finance,Term Loan,PPSR - Receivables,Information Technology,5607949.54,0.439344,2017,2020,proxy_years_on_book_3.0y,0.5191208995074591,0.5625475796054655,0.5875475796054656
35,Overdraft / Revolver,Revolving Credit,PPSR - Mixed,Arts & Recreation,9487556.52,0.78637,2018,2021,proxy_years_on_book_3.0y,0.8985990357375453,0.9106170919238412,0.9556170919238413
36,Overdraft / Revolver,Overdraft,Property,Utilities,1441428.6,0.341825,2018,2021,proxy_years_on_book_3.0y,0.34259878387882686,0.34830055378059954,0.42
37,SME / Middle-Market Term Lending,Term Loan,GSR Only,Accommodation & Food,2656957.73,0.939473,2016,2019,proxy_years_on_book_3.0y,0.98,1.0,1.0
38,Overdraft / Revolver,Overdraft,Property,Accommodation & Food,1593578.05,0.344471,2021,2024,proxy_years_on_book_3.0y,0.34647467145257405,0.35386022867563705,0.42
39,SME / Middle-Market Term Lending,Term Loan,GSR Only,Retail Trade,10357532.32,0.739735,2020,2023,proxy_years_on_book_3.0y,0.8095609,0.9062645686268002,0.9462645686268002
40,Trade / Contingent Facilities (Proxy),Revolving Credit,GSR Only,Manufacturing,2618151.41,0.884123,2020,2023,proxy_years_on_book_3.0y,0.6959556723951044,0.7715789680788829,0.796578968078883
41,Overdraft / Revolver,Revolving Credit,Property,Financial Services,4532590.28,0.0,2020,2023,proxy_years_on_book_3.0y,0.062079785768469196,0.06661152786494351,0.48
42,SME / Middle-Market Term Lending,Term Loan,Property,Mining,2685324.38,0.157407,2015,2018,proxy_years_on_book_3.0y,0.2682586921055766,0.27630645286874395,0.5
43,Overdraft / Revolver,Revolving Credit,PPSR - Mixed,Retail Trade,1090419.38,0.655133,2015,2018,proxy_years_on_book_3.0y,0.7151147014467856,0.7258356337274072,0.7708356337274073
44,SME / Middle-Market Term Lending,Term Loan,Property,Information Technology,12704802.45,0.306515,2019,2022,proxy_years_on_book_3.0y,0.37079699548688266,0.38694915980828826,0.42694915980828824
45,Overdraft / Revolver,Overdraft,PPSR - Mixed,Professional Services,11195066.74,0.648948,2018,2021,proxy_years_on_book_3.0y,0.7457109801716942,0.850586696255272,0.895586696255272
46,Overdraft / Revolver,Overdraft,Property,Retail Trade,399319.9,0.313904,2019,2022,proxy_years_on_book_3.0y,0.3689740619661379,0.3722541621795218,0.48
47,SME / Middle-Market Term Lending,Term Loan,Property,Professional Services,10625444.2,0.42865,2017,2020,proxy_years_on_book_3.0y,0.5475458588148334,0.5908888589374706,0.6308888589374706
48,SME / Middle-Market Term Lending,Term Loan,PPSR - Mixed,Manufacturing,13940494.45,0.710848,2017,2020,proxy_years_on_book_3.0y,0.7961793628196071,0.8681794549581099,0.9081794549581099
49,SME / Middle-Market Term Lending,Term Loan,GSR Only,Health Care,7964420.39,0.926331,2017,2020,proxy_years_on_book_3.0y,0.98,1.0,1.0
50,Overdraft / Revolver,Revolving Credit,Property,Financial Services,4500288.21,0.19812,2016,2019,proxy_years_on_book_3.0y,0.29005881890593743,0.29715315328352016,0.48
51,Asset / Equipment Finance,Term Loan,PPSR - P&E,Retail Trade,14186245.58,0.833595,2016,2019,proxy_years_on_book_3.0y,0.6364012169797344,0.7012689016266566,0.7212689016266566
52,Receivables / Invoice Finance,Term Loan,PPSR - Receivables,Accommodation & Food,7130839.03,0.946897,2019,2022,proxy_years_on_book_3.0y,0.99,1.0,1.0
53,Overdraft / Revolver,Revolving Credit,PPSR - Mixed,Manufacturing,11488328.89,0.608864,2020,2023,proxy_years_on_book_3.0y,0.6550875777486967,0.6740223010152282,0.7190223010152282
54,Overdraft / Revolver,Overdraft,Property,Education & Training,5765075.65,0.265105,2015,2018,proxy_years_on_book_3.0y,0.352103065208208,0.35292244579370086,0.48
55,SME / Middle-Market Term Lending,Term Loan,Property,Construction,13394293.7,0.056508,2015,2018,proxy_years_on_book_3.0y,0.13536752000000002,0.14123344586666667,0.3
56,SME / Middle-Market Term Lending,Term Loan,Property,Utilities,12344700.54,0.307375,2019,2022,proxy_years_on_book_3.0y,0.4209417357142858,0.47532586451554054,0.5153258645155405
57,Trade / Contingent Facilities (Proxy),Revolving Credit,GSR Only,Accommodation & Food,5757826.87,0.915501,2019,2022,proxy_years_on_book_3.0y,0.7758908277207833,0.8714598098570364,0.8964598098570364
58,SME / Middle-Market Term Lending,Term Loan,Property,Transport,4936291.62,0.279965,2018,2021,proxy_years_on_book_3.0y,0.4320071428571429,0.4921641375000001,0.5321641375000001
59,SME / Middle-Market Term Lending,Term Loan,Property,Accommodation & Food,2840334.16,0.043865,2018,2021,proxy_years_on_book_3.0y,0.148201165881389,0.148201165881389,0.3
60,SME / Middle-Market Term Lending,Term Loan,PPSR - Mixed,Agriculture,6657869.55,0.651921,2015,2018,proxy_years_on_book_3.0y,0.8073728189778445,1.0,1.0
61,Overdraft / Revolver,Revolving Credit,PPSR - Mixed,Education & Training,4777193.01,0.877488,2017,2020,proxy_years_on_book_3.0y,0.9650270984998645,1.0,1.0
62,Asset / Equipment Finance,Term Loan,PPSR - P&E,Health Care,4511666.26,0.554805,2015,2018,proxy_years_on_book_3.0y,0.5422334905984807,0.5800114392432605,0.6000114392432605
63,Trade / Contingent Facilities (Proxy),Revolving Credit,GSR Only,Real Estate,3368726.25,0.858526,2020,2023,proxy_years_on_book_3.0y,0.6833407265634245,0.7499055087681937,0.7649055087681937
64,Overdraft / Revolver,Revolving Credit,Property,Arts & Recreation,965804.01,0.486497,2020,2023,proxy_years_on_book_3.0y,0.5531215676277116,0.5806379306905622,0.6256379306905623
65,SME / Middle-Market Term Lending,Term Loan,GSR Only,Financial Services,5373384.85,0.912497,2015,2018,proxy_years_on_book_3.0y,0.98,1.0,1.0
66,SME / Middle-Market Term Lending,Term Loan,PPSR - Mixed,Agriculture,9248425.51,0.75042,2017,2020,proxy_years_on_book_3.0y,0.81942,0.8536471734000001,0.8936471734000001
67,SME / Middle-Market Term Lending,Term Loan,Property,Utilities,8289678.13,0.33156,2019,2022,proxy_years_on_book_3.0y,0.3957964,0.403981469552,0.44398146955199996
68,Trade / Contingent Facilities (Proxy),Overdraft,GSR Only,Wholesale Trade,11615603.98,0.892654,2015,2018,proxy_years_on_book_3.0y,0.8785817322108329,1.0,1.0
69,Overdraft / Revolver,Revolving Credit,PPSR - Mixed,Wholesale Trade,4089776.37,0.830868,2020,2023,proxy_years_on_book_3.0y,0.9203265397034797,0.9588543104741345,1.0
70,Trade / Contingent Facilities (Proxy),Revolving Credit,GSR Only,Transport,1166827.15,0.935178,2017,2020,proxy_years_on_book_3.0y,0.8375514838501599,0.9551059781854124,0.9801059781854125
71,Asset / Equipment Finance,Revolving Credit,PPSR - P&E,Agriculture,9164166.95,0.987058,2016,2019,proxy_years_on_book_3.0y,0.759658985016243,0.8318683577036641,0.8618683577036641
72,SME / Middle-Market Term Lending,Term Loan,GSR Only,Professional Services,12850108.06,0.928107,2018,2021,proxy_years_on_book_3.0y,0.98,1.0,1.0
73,Receivables / Invoice Finance,Term Loan,PPSR - Receivables,Agriculture,1511601.01,0.748472,2018,2021,proxy_years_on_book_3.0y,0.9584270151553193,1.0,1.0
74,Overdraft / Revolver,Revolving Credit,PPSR - Mixed,Accommodation & Food,1049673.81,0.643319,2016,2019,proxy_years_on_book_3.0y,0.6858170048255046,0.6929858775178209,0.737985877517821
75,Asset / Equipment Finance,Overdraft,PPSR - P&E,Education & Training,11157738.7,0.732252,2020,2023,proxy_years_on_book_3.0y,0.6050700584930244,0.6586874785707083,0.6886874785707083
76,Overdraft / Revolver,Overdraft,PPSR - Mixed,Professional Services,1492676.49,0.896814,2019,2022,proxy_years_on_book_3.0y,0.99,1.0,1.0
77,Overdraft / Revolver,Revolving Credit,PPSR - Mixed,Professional Services,5398541.23,0.644733,2015,2018,proxy_years_on_book_3.0y,0.7057971937716991,0.7208907815444417,0.7658907815444418
78,SME / Middle-Market Term Lending,Term Loan,PPSR - Mixed,Construction,9988118.98,0.635082,2018,2021,proxy_years_on_book_3.0y,0.7478483169317907,0.8493522732923088,0.8893522732923088
79,SME / Middle-Market Term Lending,Term Loan,GSR Only,Agriculture,6892796.24,0.972406,2019,2022,proxy_years_on_book_3.0y,0.98,1.0,1.0
80,Overdraft / Revolver,Overdraft,Property,Professional Services,3084244.01,0.278472,2017,2020,proxy_years_on_book_3.0y,0.36705571392287095,0.3929756156015361,0.48
81,SME / Middle-Market Term Lending,Term Loan,Property,Wholesale Trade,9796646.75,0.156688,2019,2022,proxy_years_on_book_3.0y,0.22261596999999997,0.22261596999999997,0.3
82,Asset / Equipment Finance,Term Loan,PPSR - P&E,Agriculture,13912692.04,0.803296,2015,2018,proxy_years_on_book_3.0y,0.780304455394709,0.8705867780133824,0.9005867780133824
83,Trade / Contingent Facilities (Proxy),Revolving Credit,GSR Only,Financial Services,11680935.84,0.903497,2018,2021,proxy_years_on_book_3.0y,0.7640570289129727,0.8589823538931104,0.8839823538931104
84,Trade / Contingent Facilities (Proxy),Revolving Credit,GSR Only,Retail Trade,9189681.78,0.837057,2015,2018,proxy_years_on_book_3.0y,0.7682764906360942,0.8639854883978417,0.8889854883978417
85,SME / Middle-Market Term Lending,Term Loan,PPSR - Mixed,Professional Services,1750148.74,0.669348,2015,2018,proxy_years_on_book_3.0y,0.6611471200000001,0.7347495435163733,0.7647495435163734
86,Overdraft / Revolver,Overdraft,PPSR - Mixed,Professional Services,5971559.49,0.941468,2018,2021,proxy_years_on_book_3.0y,0.99,0.9901499846248706,1.0
87,Receivables / Invoice Finance,Revolving Credit,PPSR - Receivables,Retail Trade,2473987.52,0.893748,2016,2019,proxy_years_on_book_3.0y,0.99,1.0,1.0
88,SME / Middle-Market Term Lending,Term Loan,PPSR - Mixed,Agriculture,13471796.92,0.728582,2017,2020,proxy_years_on_book_3.0y,0.8659743121019303,1.0,1.0
89,SME / Middle-Market Term Lending,Term Loan,GSR Only,Professional Services,6811697.44,0.945774,2018,2021,proxy_years_on_book_3.0y,0.98,1.0,1.0
90,SME / Middle-Market Term Lending,Term Loan,Property,Retail Trade,474508.5,0.406791,2015,2018,proxy_years_on_book_3.0y,0.46035654000000004,0.50842574228936,0.54842574228936
91,SME / Middle-Market Term Lending,Term Loan,Property,Utilities,558920.16,0.1707,2017,2020,proxy_years_on_book_3.0y,0.19997751596902208,0.2106429834873699,0.3
92,Receivables / Invoice Finance,Term Loan,PPSR - Receivables,Agriculture,2030934.13,0.480905,2020,2023,proxy_years_on_book_3.0y,0.6860619920808975,0.79044767522045,0.82544767522045
93,Trade / Contingent Facilities (Proxy),Revolving Credit,GSR Only,Mining,436988.1,0.912716,2020,2023,proxy_years_on_book_3.0y,0.6691210877763478,0.7258162933216926,0.7408162933216926
94,Asset / Equipment Finance,Term Loan,PPSR - P&E,Financial Services,10242985.0,0.916713,2017,2020,proxy_years_on_book_3.0y,0.8667048750740142,0.9776418729894748,1.0
95,SME / Middle-Market Term Lending,Term Loan,PPSR - Mixed,Accommodation & Food,7983264.13,0.814581,2021,2024,proxy_years_on_book_3.0y,0.85923614,0.91693040985644,0.9569304098564401
96,Overdraft / Revolver,Revolving Credit,Property,Construction,6509442.27,0.069113,2015,2018,proxy_years_on_book_3.0y,0.16298820229484026,0.16521124798772127,0.48
97,SME / Middle-Market Term Lending,Term Loan,PPSR - Mixed,Agriculture,6730041.95,0.646628,2021,2024,proxy_years_on_book_3.0y,0.7050653364928757,0.7050653364928757,0.7450653364928758
98,Overdraft / Revolver,Revolving Credit,Property,Health Care,6891683.12,0.058562,2016,2019,proxy_years_on_book_3.0y,0.1585278472385509,0.16539044564245384,0.48
99,SME / Middle-Market Term Lending,Term Loan,GSR Only,Financial Services,394764.02,0.949693,2018,2021,proxy_years_on_book_3.0y,0.96697142,1.0,1.0
100,SME / Middle-Market Term Lending,Term Loan,PPSR - Mixed,Retail Trade,10616732.77,0.657763,2020,2023,proxy_years_on_book_3.0y,0.7763931342857143,0.8810768085585715,0.9210768085585715
101,SME / Middle-Market Term Lending,Term Loan,GSR Only,Manufacturing,275185.08,0.844324,2015,2018,proxy_years_on_book_3.0y,0.8350245599999999,0.9353277101472,0.9653277101472
102,Trade / Contingent Facilities (Proxy),Overdraft,GSR Only,Health Care,4152072.79,0.950249,2017,2020,proxy_years_on_book_3.0y,0.730577354278056,0.8110868246200614,0.8360868246200615
103,Receivables / Invoice Finance,Term Loan,PPSR - Receivables,Accommodation & Food,4498436.8,0.588666,2019,2022,proxy_years_on_book_3.0y,0.7636668555450267,0.8767686603063223,0.9117686603063224
104,SME / Middle-Market Term Lending,Term Loan,GSR Only,Manufacturing,10467265.95,0.908421,2017,2020,proxy_years_on_book_3.0y,0.98,1.0,1.0
105,Asset / Equipment Finance,Term Loan,PPSR - P&E,Accommodation & Food,13381995.71,0.694212,2015,2018,proxy_years_on_book_3.0y,0.5818988702223045,0.635580121325499,0.655580121325499
106,SME / Middle-Market Term Lending,Term Loan,PPSR - Mixed,Health Care,11048968.63,0.716318,2017,2020,proxy_years_on_book_3.0y,0.8431838730878473,0.9809210504309483,1.0
107,SME / Middle-Market Term Lending,Term Loan,Property,Retail Trade,9763962.96,0.494874,2016,2019,proxy_years_on_book_3.0y,0.53052331,0.5665780278298066,0.6065780278298066
108,Overdraft / Revolver,Overdraft,PPSR - Mixed,Mining,1635889.82,0.778305,2017,2020,proxy_years_on_book_3.0y,0.8765505527112641,0.9826616065827207,1.0
109,Overdraft / Revolver,Overdraft,Property,Wholesale Trade,5848343.73,0.538645,2015,2018,proxy_years_on_book_3.0y,0.6491664040315138,0.6782767847665117,0.7232767847665117
110,Overdraft / Revolver,Revolving Credit,Property,Retail Trade,11335240.37,0.084229,2019,2022,proxy_years_on_book_3.0y,0.21234748451974853,0.2384884379274121,0.48
111,SME / Middle-Market Term Lending,Term Loan,Property,Retail Trade,8900782.59,0.430546,2017,2020,proxy_years_on_book_3.0y,0.5447950614285715,0.5960303129806215,0.6360303129806215
112,SME / Middle-Market Term Lending,Term Loan,GSR Only,Wholesale Trade,4004801.21,0.972309,2019,2022,proxy_years_on_book_3.0y,0.98,1.0,1.0
113,Overdraft / Revolver,Overdraft,PPSR - Mixed,Manufacturing,8407498.64,0.679471,2018,2021,proxy_years_on_book_3.0y,0.786222685933331,0.8801810220730825,0.9251810220730825
114,Receivables / Invoice Finance,Revolving Credit,PPSR - Receivables,Transport,1698450.02,0.594505,2019,2022,proxy_years_on_book_3.0y,0.7186400977705435,0.8202251816866032,0.8552251816866032
115,SME / Middle-Market Term Lending,Term Loan,Property,Financial Services,4155575.54,0.060996,2021,2024,proxy_years_on_book_3.0y,0.11170348999999999,0.11244817993333331,0.3
116,Overdraft / Revolver,Revolving Credit,Property,Construction,4018134.61,0.082489,2015,2018,proxy_years_on_book_3.0y,0.1753176458438998,0.1866265187338121,0.48
117,Receivables / Invoice Finance,Revolving Credit,PPSR - Receivables,Manufacturing,4740910.97,0.789111,2017,2020,proxy_years_on_book_3.0y,0.99,1.0,1.0
118,Asset / Equipment Finance,Revolving Credit,PPSR - P&E,Transport,10958328.85,0.849155,2018,2021,proxy_years_on_book_3.0y,0.6915241600297236,0.7394817127918424,0.7694817127918424
119,SME / Middle-Market Term Lending,Term Loan,PPSR - Mixed,Professional Services,8901550.82,0.607294,2017,2020,proxy_years_on_book_3.0y,0.6724305589904513,0.7073216358353478,0.7473216358353478
120,SME / Middle-Market Term Lending,Term Loan,Property,Retail Trade,1877190.05,0.516273,2020,2023,proxy_years_on_book_3.0y,0.5576766200000001,0.6167171001905734,0.6567171001905734
121,Trade / Contingent Facilities (Proxy),Revolving Credit,GSR Only,Agriculture,7286072.2,0.880088,2017,2020,proxy_years_on_book_3.0y,0.7348022400589482,0.8168605763521624,0.8418605763521624
122,SME / Middle-Market Term Lending,Term Loan,GSR Only,Construction,5027557.22,0.869067,2017,2020,proxy_years_on_book_3.0y,0.8488829800000001,0.9765708260076268,1.0
123,Receivables / Invoice Finance,Term Loan,PPSR - Receivables,Manufacturing,11656747.9,0.662607,2016,2019,proxy_years_on_book_3.0y,0.8534241849216702,0.9885561661963812,1.0
124,SME / Middle-Market Term Lending,Term Loan,PPSR - Mixed,Manufacturing,13919113.65,0.818332,2017,2020,proxy_years_on_book_3.0y,0.98,1.0,1.0
125,Receivables / Invoice Finance,Revolving Credit,PPSR - Receivables,Education & Training,5364528.69,0.587025,2015,2018,proxy_years_on_book_3.0y,0.7558143785106906,0.8705762239519674,0.9055762239519676
126,Asset / Equipment Finance,Revolving Credit,PPSR - P&E,Professional Services,417377.36,0.757656,2015,2018,proxy_years_on_book_3.0y,0.6321031338458611,0.6716974759305742,0.7016974759305742
127,Overdraft / Revolver,Overdraft,PPSR - Mixed,Retail Trade,8776123.63,0.68413,2015,2018,proxy_years_on_book_3.0y,0.7835531709177967,0.8317425406243217,0.8767425406243218
128,SME / Middle-Market Term Lending,Term Loan,GSR Only,Retail Trade,256172.09,0.952608,2016,2019,proxy_years_on_book_3.0y,0.97911152,1.0,1.0
129,SME / Middle-Market Term Lending,Term Loan,Property,Health Care,6869418.87,0.295066,2020,2023,proxy_years_on_book_3.0y,0.330066,0.34326864,0.38326864
130,Receivables / Invoice Finance,Term Loan,PPSR - Receivables,Real Estate,12653423.9,0.785888,2015,2018,proxy_years_on_book_3.0y,0.9464570524269964,1.0,1.0
131,SME / Middle-Market Term Lending,Term Loan,Property,Utilities,5435998.0,0.050781,2016,2019,proxy_years_on_book_3.0y,0.09003414,0.09003414,0.3
132,SME / Middle-Market Term Lending,Term Loan,PPSR - Mixed,Professional Services,1089540.75,0.772163,2020,2023,proxy_years_on_book_3.0y,0.7936343011034122,0.8732437578470955,0.9132437578470955
133,SME / Middle-Market Term Lending,Term Loan,Property,Accommodation & Food,5627937.72,0.298871,2016,2019,proxy_years_on_book_3.0y,0.3837435185714286,0.3999811139017538,0.43998111390175376
134,SME / Middle-Market Term Lending,Term Loan,PPSR - Mixed,Agriculture,13048137.47,0.606123,2020,2023,proxy_years_on_book_3.0y,0.7504998885099645,0.8768245300772208,0.9168245300772209
135,Overdraft / Revolver,Revolving Credit,PPSR - Mixed,Utilities,6130003.88,0.663652,2019,2022,proxy_years_on_book_3.0y,0.7191427594468942,0.7585472725877288,0.8035472725877288
136,Overdraft / Revolver,Revolving Credit,Property,Utilities,9102432.95,0.429395,2016,2019,proxy_years_on_book_3.0y,0.5005772262290108,0.5416165378678526,0.5866165378678526
137,Overdraft / Revolver,Revolving Credit,Property,Retail Trade,1405484.49,0.525498,2017,2020,proxy_years_on_book_3.0y,0.5810068753502544,0.591272663130536,0.636272663130536
138,SME / Middle-Market Term Lending,Term Loan,PPSR - Mixed,Mining,4258890.46,0.578284,2020,2023,proxy_years_on_book_3.0y,0.65779696,0.6934214892283732,0.7334214892283732
139,SME / Middle-Market Term Lending,Term Loan,PPSR - Mixed,Wholesale Trade,13084247.67,0.831884,2015,2018,proxy_years_on_book_3.0y,0.9106920602086211,0.941627662365868,0.9816276623658681
140,SME / Middle-Market Term Lending,Term Loan,GSR Only,Mining,14958417.81,0.922958,2016,2019,proxy_years_on_book_3.0y,0.98,1.0,1.0
141,Overdraft / Revolver,Revolving Credit,Property,Accommodation & Food,5228129.96,0.049137,2018,2021,proxy_years_on_book_3.0y,0.1443674957066206,0.15088898243133975,0.48
142,SME / Middle-Market Term Lending,Term Loan,Property,Professional Services,3010059.71,0.0,2016,2019,proxy_years_on_book_3.0y,0.12682849285714284,0.13466543681160714,0.3
143,Receivables / Invoice Finance,Revolving Credit,PPSR - Receivables,Professional Services,3498828.16,0.89426,2015,2018,proxy_years_on_book_3.0y,0.99,1.0,1.0
144,Receivables / Invoice Finance,Revolving Credit,PPSR - Receivables,Accommodation & Food,7311127.46,0.623172,2019,2022,proxy_years_on_book_3.0y,0.7816470361897859,0.9030396008466696,0.9380396008466696
145,Overdraft / Revolver,Overdraft,PPSR - Mixed,Mining,447832.59,0.684746,2020,2023,proxy_years_on_book_3.0y,0.7277808365422124,0.7417987202122291,0.7867987202122292
146,Overdraft / Revolver,Overdraft,Property,Education & Training,13338283.92,0.057316,2018,2021,proxy_years_on_book_3.0y,0.16702312859495336,0.18745050622396603,0.48
147,Receivables / Invoice Finance,Term Loan,PPSR - Receivables,Mining,12428164.97,0.657996,2018,2021,proxy_years_on_book_3.0y,0.8604605836432062,1.0,1.0
148,Receivables / Invoice Finance,Term Loan,PPSR - Receivables,Manufacturing,302792.18,0.611439,2019,2022,proxy_years_on_book_3.0y,0.8374239309872682,0.990026287501538,1.0
149,SME / Middle-Market Term Lending,Term Loan,PPSR - Mixed,Financial Services,1635851.07,0.544873,2016,2019,proxy_years_on_book_3.0y,0.541379454559448,0.6065615408884056,0.6365615408884057
150,Overdraft / Revolver,Revolving Credit,Property,Construction,6735617.1,0.385634,2018,2021,proxy_years_on_book_3.0y,0.4862387582103486,0.5465222995920985,0.5915222995920986
151,SME / Middle-Market Term Lending,Term Loan,Property,Retail Trade,12801703.66,0.438653,2020,2023,proxy_years_on_book_3.0y,0.6026568908427306,0.7244010155612826,0.7644010155612826
152,Receivables / Invoice Finance,Overdraft,PPSR - Receivables,Retail Trade,1019019.34,0.917194,2020,2023,proxy_years_on_book_3.0y,0.99,1.0,1.0
153,SME / Middle-Market Term Lending,Term Loan,PPSR - Mixed,Professional Services,2948909.74,0.557386,2015,2018,proxy_years_on_book_3.0y,0.6043860000000001,0.6328682946360001,0.6728682946360002
154,Asset / Equipment Finance,Revolving Credit,PPSR - P&E,Wholesale Trade,9413890.4,0.525806,2019,2022,proxy_years_on_book_3.0y,0.5396406071519688,0.5791214041985048,0.6091214041985048
155,Asset / Equipment Finance,Overdraft,PPSR - P&E,Education & Training,12591515.81,0.753134,2020,2023,proxy_years_on_book_3.0y,0.6393181403466366,0.6793913196194823,0.7093913196194823
156,Trade / Contingent Facilities (Proxy),Revolving Credit,GSR Only,Wholesale Trade,12066164.28,1.015033,2019,2022,proxy_years_on_book_3.0y,0.8059024535702141,0.9004904547050758,0.9254904547050758
157,SME / Middle-Market Term Lending,Term Loan,PPSR - Mixed,Agriculture,4717109.29,0.483907,2018,2021,proxy_years_on_book_3.0y,0.6025376969135455,0.6693691697962062,0.7093691697962062
158,Overdraft / Revolver,Revolving Credit,PPSR - Mixed,Construction,9148213.0,0.745712,2015,2018,proxy_years_on_book_3.0y,0.8541183647486316,0.9355400150768486,0.9805400150768486
159,SME / Middle-Market Term Lending,Term Loan,Property,Wholesale Trade,1005599.77,0.031675,2020,2023,proxy_years_on_book_3.0y,0.10552586009423469,0.10552586009423469,0.5
160,Receivables / Invoice Finance,Revolving Credit,PPSR - Receivables,Accommodation & Food,7534877.15,0.71108,2018,2021,proxy_years_on_book_3.0y,0.8332474037441627,0.940481138206914,0.975481138206914
161,Overdraft / Revolver,Overdraft,Property,Arts & Recreation,14621520.13,0.074923,2015,2018,proxy_years_on_book_3.0y,0.18537325921665232,0.19699645088055054,0.48
162,Overdraft / Revolver,Revolving Credit,Property,Mining,11011258.19,0.210082,2020,2023,proxy_years_on_book_3.0y,0.3403706854124345,0.3810716218804625,0.48
163,Receivables / Invoice Finance,Overdraft,PPSR - Receivables,Real Estate,6325920.44,0.850557,2018,2021,proxy_years_on_book_3.0y,0.933098976378245,1.0,1.0
164,Overdraft / Revolver,Overdraft,PPSR - Mixed,Retail Trade,11816797.92,0.714306,2019,2022,proxy_years_on_book_3.0y,0.801859300910928,0.8735576641025521,0.9185576641025521
165,Asset / Equipment Finance,Revolving Credit,PPSR - P&E,Education & Training,10060542.92,0.587561,2015,2018,proxy_years_on_book_3.0y,0.5626116049697535,0.6001543146664015,0.6301543146664015
166,Overdraft / Revolver,Overdraft,PPSR - Mixed,Manufacturing,9940093.65,0.736097,2017,2020,proxy_years_on_book_3.0y,0.8258049164710404,0.9067660862862288,0.9517660862862288
167,Overdraft / Revolver,Revolving Credit,PPSR - Mixed,Mining,2919326.54,0.595466,2016,2019,proxy_years_on_book_3.0y,0.6732703601234505,0.6880999212974805,0.7330999212974806
168,Overdraft / Revolver,Revolving Credit,Property,Health Care,13207445.19,0.292596,2017,2020,proxy_years_on_book_3.0y,0.4168296572337977,0.4938770779229829,0.5388770779229829
169,Overdraft / Revolver,Overdraft,PPSR - Mixed,Mining,5594681.88,0.963985,2017,2020,proxy_years_on_book_3.0y,0.99,1.0,1.0
170,Overdraft / Revolver,Revolving Credit,PPSR - Mixed,Financial Services,7369212.69,0.625792,2015,2018,proxy_years_on_book_3.0y,0.6883588505139033,0.712683935831848,0.757683935831848
171,Asset / Equipment Finance,Term Loan,PPSR - P&E,Professional Services,9264456.1,0.891477,2017,2020,proxy_years_on_book_3.0y,0.7255174534707243,0.7758664368804239,0.8058664368804239
172,SME / Middle-Market Term Lending,Term Loan,Property,Mining,3749147.85,0.192127,2020,2023,proxy_years_on_book_3.0y,0.25312953430804735,0.25481706453676767,0.3
173,Overdraft / Revolver,Overdraft,Property,Retail Trade,7743968.49,0.0,2016,2019,proxy_years_on_book_3.0y,0.11985180624121494,0.1274419493140296,0.48
174,Receivables / Invoice Finance,Term Loan,PPSR - Receivables,Professional Services,5349956.04,0.758101,2015,2018,proxy_years_on_book_3.0y,0.8789551627873019,0.9956631785022596,1.0
175,SME / Middle-Market Term Lending,Term Loan,PPSR - Mixed,Information Technology,9823095.02,0.809757,2018,2021,proxy_years_on_book_3.0y,0.9043695,1.0,1.0
176,SME / Middle-Market Term Lending,Term Loan,Property,Mining,9378410.55,0.407035,2019,2022,proxy_years_on_book_3.0y,0.5471557549960893,0.6284848040334563,0.6684848040334563
177,Overdraft / Revolver,Overdraft,Property,Manufacturing,3744212.58,0.553308,2016,2019,proxy_years_on_book_3.0y,0.6532675245937151,0.6842321644982797,0.7292321644982798
178,SME / Middle-Market Term Lending,Term Loan,GSR Only,Manufacturing,9985504.99,0.9561,2016,2019,proxy_years_on_book_3.0y,0.98,1.0,1.0
179,Overdraft / Revolver,Overdraft,Property,Professional Services,3931473.95,0.241297,2019,2022,proxy_years_on_book_3.0y,0.32618794123695144,0.348393305529081,0.48
180,Overdraft / Revolver,Revolving Credit,Property,Information Technology,5295092.23,0.299228,2019,2022,proxy_years_on_book_3.0y,0.3787492183210798,0.39061441246783585,0.48
181,Receivables / Invoice Finance,Term Loan,PPSR - Receivables,Accommodation & Food,1915564.63,0.731579,2017,2020,proxy_years_on_book_3.0y,0.7938876862385432,0.859937639291329,0.8849376392913291
182,Overdraft / Revolver,Overdraft,PPSR - Mixed,Health Care,8055292.62,0.716467,2020,2023,proxy_years_on_book_3.0y,0.7897333971930661,0.7906391018473595,0.8356391018473596
183,Asset / Equipment Finance,Revolving Credit,PPSR - P&E,Health Care,11030161.13,0.890792,2016,2019,proxy_years_on_book_3.0y,0.7272410719567428,0.7798412545837987,0.8098412545837987
184,Asset / Equipment Finance,Revolving Credit,PPSR - P&E,Manufacturing,10164411.07,0.493906,2019,2022,proxy_years_on_book_3.0y,0.5122963940328367,0.561121421457131,0.591121421457131
185,SME / Middle-Market Term Lending,Term Loan,PPSR - Mixed,Financial Services,3719164.18,0.812212,2018,2021,proxy_years_on_book_3.0y,0.9265624203889894,1.0,1.0
186,Overdraft / Revolver,Overdraft,Property,Professional Services,10331484.5,0.123994,2017,2020,proxy_years_on_book_3.0y,0.2227104123461638,0.22433585851734641,0.48
187,Receivables / Invoice Finance,Term Loan,PPSR - Receivables,Agriculture,4780545.83,0.432174,2018,2021,proxy_years_on_book_3.0y,0.6605761247453751,0.7833963249119421,0.8183963249119421
188,Asset / Equipment Finance,Revolving Credit,PPSR - P&E,Accommodation & Food,7482110.99,0.8804,2020,2023,proxy_years_on_book_3.0y,0.8678758122303316,0.9810149656576952,1.0
189,SME / Middle-Market Term Lending,Term Loan,GSR Only,Manufacturing,12436455.26,0.918887,2020,2023,proxy_years_on_book_3.0y,0.98,1.0,1.0
190,Asset / Equipment Finance,Term Loan,PPSR - P&E,Wholesale Trade,8010519.03,0.802281,2016,2019,proxy_years_on_book_3.0y,0.7074150330665085,0.7877325714226552,0.8177325714226552
191,Asset / Equipment Finance,Overdraft,PPSR - P&E,Transport,1033356.52,0.573742,2017,2020,proxy_years_on_book_3.0y,0.5578073835213556,0.5970782522544653,0.6170782522544653
192,SME / Middle-Market Term Lending,Term Loan,GSR Only,Construction,10270423.63,0.924108,2017,2020,proxy_years_on_book_3.0y,0.98,1.0,1.0
193,Receivables / Invoice Finance,Term Loan,PPSR - Receivables,Manufacturing,4393547.65,0.741143,2020,2023,proxy_years_on_book_3.0y,0.9379549914255816,1.0,1.0
194,Asset / Equipment Finance,Revolving Credit,PPSR - P&E,Information Technology,5042452.36,0.724155,2018,2021,proxy_years_on_book_3.0y,0.6537563614351619,0.7000865852242459,0.730086585224246
195,Trade / Contingent Facilities (Proxy),Revolving Credit,GSR Only,Agriculture,1545905.23,0.85901,2021,2024,proxy_years_on_book_3.0y,0.6848324439511448,0.7571368587710569,0.7821368587710569
196,SME / Middle-Market Term Lending,Term Loan,PPSR - Mixed,Health Care,3681702.47,0.800344,2016,2019,proxy_years_on_book_3.0y,0.8077833600000001,0.9627000527808002,1.0
197,SME / Middle-Market Term Lending,Term Loan,PPSR - Mixed,Mining,11440521.39,0.733594,2018,2021,proxy_years_on_book_3.0y,0.931059631259203,1.0,1.0
198,Trade / Contingent Facilities (Proxy),Revolving Credit,GSR Only,Utilities,11986553.1,0.820006,2019,2022,proxy_years_on_book_3.0y,0.6907576676012007,0.7604465903668124,0.7754465903668124
199,SME / Middle-Market Term Lending,Term Loan,PPSR - Mixed,Construction,13209914.62,0.768647,2015,2018,proxy_years_on_book_3.0y,0.75488768,0.80206966977536,0.83206966977536
200,SME / Middle-Market Term Lending,Term Loan,GSR Only,Health Care,5712651.88,0.922915,2015,2018,proxy_years_on_book_3.0y,0.9021321,1.0,1.0
201,SME / Middle-Market Term Lending,Term Loan,Property,Retail Trade,11844650.78,0.0,2015,2018,proxy_years_on_book_3.0y,0.17789857679256724,0.20112916594539668,0.3
202,Overdraft / Revolver,Overdraft,Property,Construction,1778487.76,0.32134,2020,2023,proxy_years_on_book_3.0y,0.4076703086533741,0.42505011426170947,0.48
203,SME / Middle-Market Term Lending,Term Loan,Property,Financial Services,7309905.6,0.228172,2017,2020,proxy_years_on_book_3.0y,0.34546973880347104,0.36742146178994156,0.40742146178994154
204,SME / Middle-Market Term Lending,Term Loan,Property,Accommodation & Food,10531635.57,0.207395,2019,2022,proxy_years_on_book_3.0y,0.3861397318663958,0.4327661044892631,0.5
205,Overdraft / Revolver,Overdraft,PPSR - Mixed,Agriculture,11514910.94,0.807382,2018,2021,proxy_years_on_book_3.0y,0.890392928251194,0.9113873584077617,0.9563873584077618
206,Receivables / Invoice Finance,Term Loan,PPSR - Receivables,Accommodation & Food,4652073.61,0.785913,2017,2020,proxy_years_on_book_3.0y,0.905158652920868,1.0,1.0
207,Overdraft / Revolver,Overdraft,Property,Accommodation & Food,1021352.6,0.149278,2015,2018,proxy_years_on_book_3.0y,0.19665160439902538,0.2056452052961639,0.48
208,Receivables / Invoice Finance,Overdraft,PPSR - Receivables,Accommodation & Food,8236638.27,0.69349,2015,2018,proxy_years_on_book_3.0y,0.8930654284307165,1.0,1.0
209,Receivables / Invoice Finance,Revolving Credit,PPSR - Receivables,Retail Trade,11471926.98,0.538501,2019,2022,proxy_years_on_book_3.0y,0.7958346996139559,0.9612784675368076,0.9962784675368076
210,Receivables / Invoice Finance,Revolving Credit,PPSR - Receivables,Agriculture,12575756.32,0.54994,2015,2018,proxy_years_on_book_3.0y,0.7629331542356477,0.8939591106303113,0.9289591106303112
211,Receivables / Invoice Finance,Revolving Credit,PPSR - Receivables,Construction,8421442.15,0.894798,2018,2021,proxy_years_on_book_3.0y,0.99,1.0,1.0
212,Asset / Equipment Finance,Revolving Credit,PPSR - P&E,Accommodation & Food,8795174.52,0.759808,2017,2020,proxy_years_on_book_3.0y,0.6352189356067081,0.6942418265030643,0.7242418265030643
213,SME / Middle-Market Term Lending,Term Loan,GSR Only,Health Care,14157940.16,0.960443,2015,2018,proxy_years_on_book_3.0y,0.98,1.0,1.0
214,Trade / Contingent Facilities (Proxy),Overdraft,GSR Only,Retail Trade,4281794.77,0.941624,2020,2023,proxy_years_on_book_3.0y,0.897368778317319,1.0,1.0
215,Trade / Contingent Facilities (Proxy),Revolving Credit,GSR Only,Wholesale Trade,7326967.13,0.849589,2021,2024,proxy_years_on_book_3.0y,0.8745454143932102,1.0,1.0
216,Overdraft / Revolver,Overdraft,Property,Agriculture,228034.75,0.219555,2015,2018,proxy_years_on_book_3.0y,0.2373797538211281,0.24426338073837858,0.48
217,SME / Middle-Market Term Lending,Term Loan,Property,Construction,3916521.97,0.213342,2016,2019,proxy_years_on_book_3.0y,0.247342,0.26218252000000003,0.5
218,Receivables / Invoice Finance,Term Loan,PPSR - Receivables,Accommodation & Food,6794797.59,0.592086,2016,2019,proxy_years_on_book_3.0y,0.6580860887587456,0.7108532377056757,0.7358532377056757
219,Trade / Contingent Facilities (Proxy),Overdraft,GSR Only,Financial Services,7239108.58,0.894513,2019,2022,proxy_years_on_book_3.0y,0.8291564657313644,0.9477457243840152,0.9727457243840152
220,SME / Middle-Market Term Lending,Term Loan,Property,Education & Training,2230401.76,0.299755,2019,2022,proxy_years_on_book_3.0y,0.3024497,0.30882412987720004,0.4
221,Asset / Equipment Finance,Revolving Credit,PPSR - P&E,Health Care,787888.89,0.89846,2016,2019,proxy_years_on_book_3.0y,0.7347369994376322,0.7925804841204349,0.8225804841204349
222,Trade / Contingent Facilities (Proxy),Revolving Credit,GSR Only,Transport,3098423.06,0.966063,2017,2020,proxy_years_on_book_3.0y,0.92,1.0,1.0
223,SME / Middle-Market Term Lending,Term Loan,PPSR - Mixed,Arts & Recreation,12277655.85,0.892674,2019,2022,proxy_years_on_book_3.0y,0.9613605599999999,1.0,1.0
224,Trade / Contingent Facilities (Proxy),Revolving Credit,GSR Only,Manufacturing,5094936.47,0.931246,2018,2021,proxy_years_on_book_3.0y,0.7120442680635539,0.783802841111313,0.7988028411113131
225,Asset / Equipment Finance,Term Loan,PPSR - P&E,Arts & Recreation,8855638.27,0.719516,2020,2023,proxy_years_on_book_3.0y,0.635403151468598,0.6768191301862565,0.7068191301862565
226,Overdraft / Revolver,Revolving Credit,Property,Health Care,3949911.8,0.056111,2016,2019,proxy_years_on_book_3.0y,0.15027637906234464,0.15326366500821473,0.48
227,Asset / Equipment Finance,Term Loan,PPSR - P&E,Wholesale Trade,2431262.46,0.715854,2017,2020,proxy_years_on_book_3.0y,0.7863771299253355,0.8939385639302568,0.9239385639302568
228,Overdraft / Revolver,Overdraft,PPSR - Mixed,Professional Services,9909938.28,0.613764,2016,2019,proxy_years_on_book_3.0y,0.6829995563668013,0.7081035628970699,0.7531035628970699
229,Overdraft / Revolver,Revolving Credit,PPSR - Mixed,Professional Services,11914849.81,0.815084,2018,2021,proxy_years_on_book_3.0y,0.9108551015956231,1.0,1.0
230,SME / Middle-Market Term Lending,Term Loan,Property,Health Care,14630445.69,0.0,2015,2018,proxy_years_on_book_3.0y,0.10105,0.10643933333333333,0.3
231,Overdraft / Revolver,Revolving Credit,Property,Transport,12026293.05,0.087016,2015,2018,proxy_years_on_book_3.0y,0.15479055723266177,0.16246373633942682,0.48
232,SME / Middle-Market Term Lending,Term Loan,PPSR - Mixed,Mining,9757881.74,0.814755,2015,2018,proxy_years_on_book_3.0y,0.9510114924661008,1.0,1.0
233,SME / Middle-Market Term Lending,Term Loan,Property,Manufacturing,10834554.91,0.266653,2017,2020,proxy_years_on_book_3.0y,0.4286951428571429,0.47695907102380963,0.5169590710238097
234,Overdraft / Revolver,Revolving Credit,PPSR - Mixed,Accommodation & Food,12746737.09,0.80997,2019,2022,proxy_years_on_book_3.0y,0.8976624262950018,1.0,1.0
235,Overdraft / Revolver,Revolving Credit,Property,Manufacturing,3789397.21,0.227367,2015,2018,proxy_years_on_book_3.0y,0.34023701865774114,0.36460126416140787,0.48
236,Trade / Contingent Facilities (Proxy),Revolving Credit,GSR Only,Professional Services,8056391.09,0.905606,2020,2023,proxy_years_on_book_3.0y,0.5181461856786433,0.5409585981411041,0.5559585981411042
237,Asset / Equipment Finance,Revolving Credit,PPSR - P&E,Utilities,5737701.39,0.576762,2015,2018,proxy_years_on_book_3.0y,0.5692382631224417,0.6253159066371332,0.6553159066371332
238,Overdraft / Revolver,Revolving Credit,Property,Manufacturing,467722.64,0.318806,2018,2021,proxy_years_on_book_3.0y,0.3345781069681382,0.3488710497721284,0.48
239,SME / Middle-Market Term Lending,Term Loan,Property,Real Estate,13380984.66,0.190613,2020,2023,proxy_years_on_book_3.0y,0.2914216590079024,0.2943358755979814,0.3343358755979814
240,Trade / Contingent Facilities (Proxy),Revolving Credit,GSR Only,Construction,7308719.95,0.927713,2019,2022,proxy_years_on_book_3.0y,0.8912905366549786,1.0,1.0
241,Overdraft / Revolver,Revolving Credit,PPSR - Mixed,Transport,8839070.53,0.695188,2016,2019,proxy_years_on_book_3.0y,0.7275965094757163,0.7672279388877746,0.8122279388877747
242,Asset / Equipment Finance,Revolving Credit,PPSR - P&E,Construction,1768759.19,0.795167,2020,2023,proxy_years_on_book_3.0y,0.6553529781732597,0.717458198199633,0.747458198199633
243,SME / Middle-Market Term Lending,Term Loan,Property,Information Technology,6942299.6,0.46299,2017,2020,proxy_years_on_book_3.0y,0.5385471189013453,0.5730722975998728,0.6130722975998728
244,Receivables / Invoice Finance,Term Loan,PPSR - Receivables,Retail Trade,7180784.52,0.548098,2018,2021,proxy_years_on_book_3.0y,0.7548812430763067,0.885087436568479,0.920087436568479
245,Overdraft / Revolver,Revolving Credit,PPSR - Mixed,Professional Services,6207215.87,0.815134,2015,2018,proxy_years_on_book_3.0y,0.8864907557760228,0.9358186242284642,0.9808186242284642
246,Overdraft / Revolver,Overdraft,Property,Wholesale Trade,7428818.43,0.209575,2016,2019,proxy_years_on_book_3.0y,0.3315104061112657,0.3627482115609579,0.48
247,Trade / Contingent Facilities (Proxy),Revolving Credit,GSR Only,Agriculture,5460511.53,0.925317,2019,2022,proxy_years_on_book_3.0y,0.7894772617459797,0.882014774635538,0.907014774635538
248,Asset / Equipment Finance,Term Loan,PPSR - P&E,Professional Services,1600449.97,0.787184,2018,2021,proxy_years_on_book_3.0y,0.6384034368931575,0.6943745986074418,0.7243745986074418
249,Receivables / Invoice Finance,Revolving Credit,PPSR - Receivables,Health Care,1781251.21,0.720865,2021,2024,proxy_years_on_book_3.0y,0.8852428165709973,1.0,1.0
250,SME / Middle-Market Term Lending,Term Loan,PPSR - Mixed,Agriculture,8834603.4,0.830766,2016,2019,proxy_years_on_book_3.0y,0.9522660000000001,1.0,1.0
251,Asset / Equipment Finance,Revolving Credit,PPSR - P&E,Information Technology,9455454.17,0.768451,2017,2020,proxy_years_on_book_3.0y,0.6536903506384473,0.7172397471466804,0.7472397471466804
252,SME / Middle-Market Term Lending,Term Loan,PPSR - Mixed,Construction,431513.88,0.792787,2019,2022,proxy_years_on_book_3.0y,0.8792038772155397,0.9912068314058636,1.0
253,SME / Middle-Market Term Lending,Term Loan,PPSR - Mixed,Real Estate,7306596.17,0.842287,2018,2021,proxy_years_on_book_3.0y,0.98,1.0,1.0
254,SME / Middle-Market Term Lending,Term Loan,GSR Only,Construction,890789.13,0.957862,2019,2022,proxy_years_on_book_3.0y,0.98,1.0,1.0
255,Asset / Equipment Finance,Revolving Credit,PPSR - P&E,Mining,1605805.12,0.66499,2017,2020,proxy_years_on_book_3.0y,0.5890744288213394,0.6454005277710855,0.6654005277710855
256,SME / Middle-Market Term Lending,Term Loan,Property,Education & Training,6700485.07,0.322328,2017,2020,proxy_years_on_book_3.0y,0.35732800000000003,0.35732800000000003,0.397328
257,SME / Middle-Market Term Lending,Term Loan,PPSR - Mixed,Wholesale Trade,12329700.28,0.766105,2020,2023,proxy_years_on_book_3.0y,0.8804407055026249,1.0,1.0
258,Trade / Contingent Facilities (Proxy),Revolving Credit,GSR Only,Manufacturing,6631678.77,0.918425,2018,2021,proxy_years_on_book_3.0y,0.7961998676776068,0.8958912276495142,0.9208912276495144
259,SME / Middle-Market Term Lending,Term Loan,PPSR - Mixed,Transport,13516321.62,0.718298,2019,2022,proxy_years_on_book_3.0y,0.8285745485714285,0.9285569821984456,0.9685569821984457
260,Overdraft / Revolver,Revolving Credit,PPSR - Mixed,Real Estate,3042368.16,0.77811,2019,2022,proxy_years_on_book_3.0y,0.8071260295746692,0.8756285443256697,0.9206285443256698
261,Receivables / Invoice Finance,Term Loan,PPSR - Receivables,Construction,9300920.26,0.630648,2018,2021,proxy_years_on_book_3.0y,0.7243637851791922,0.788703668601315,0.813703668601315
262,Asset / Equipment Finance,Term Loan,PPSR - P&E,Utilities,11999351.39,0.60625,2019,2022,proxy_years_on_book_3.0y,0.6779884634979073,0.7471223857075012,0.7671223857075012
263,SME / Middle-Market Term Lending,Term Loan,GSR Only,Financial Services,11520005.77,0.917362,2015,2018,proxy_years_on_book_3.0y,0.98,1.0,1.0
264,SME / Middle-Market Term Lending,Term Loan,GSR Only,Real Estate,13963975.24,0.958729,2015,2018,proxy_years_on_book_3.0y,0.98,1.0,1.0
265,SME / Middle-Market Term Lending,Term Loan,Property,Professional Services,7632879.27,0.434259,2018,2021,proxy_years_on_book_3.0y,0.5512630671428571,0.6125387133711214,0.6525387133711215
266,Overdraft / Revolver,Revolving Credit,PPSR - Mixed,Education & Training,13366172.94,0.63788,2020,2023,proxy_years_on_book_3.0y,0.7382283945799565,0.8483411589658834,0.8933411589658834
267,Trade / Contingent Facilities (Proxy),Revolving Credit,GSR Only,Manufacturing,2555831.42,0.873978,2021,2024,proxy_years_on_book_3.0y,0.6704248359646815,0.7356722555763392,0.7506722555763392
268,Overdraft / Revolver,Revolving Credit,PPSR - Mixed,Retail Trade,6089387.06,0.715139,2016,2019,proxy_years_on_book_3.0y,0.8020999733236245,0.8394851584300295,0.8844851584300295
269,SME / Middle-Market Term Lending,Term Loan,GSR Only,Real Estate,1096128.86,0.978845,2020,2023,proxy_years_on_book_3.0y,0.98,1.0,1.0
270,SME / Middle-Market Term Lending,Term Loan,Property,Mining,11560799.59,0.0,2019,2022,proxy_years_on_book_3.0y,0.05792750000000001,0.05792750000000001,0.3
271,Asset / Equipment Finance,Term Loan,PPSR - P&E,Wholesale Trade,8542504.17,0.701845,2015,2018,proxy_years_on_book_3.0y,0.6339325326855558,0.7024157179346647,0.7324157179346648
272,SME / Middle-Market Term Lending,Term Loan,Property,Utilities,13941440.68,0.148709,2016,2019,proxy_years_on_book_3.0y,0.28948106775735855,0.3210465658540672,0.3610465658540672
273,SME / Middle-Market Term Lending,Term Loan,GSR Only,Information Technology,4754716.79,1.013346,2018,2021,proxy_years_on_book_3.0y,0.98,1.0,1.0
274,Asset / Equipment Finance,Term Loan,PPSR - P&E,Professional Services,4608271.04,0.85192,2015,2018,proxy_years_on_book_3.0y,0.6942644806801994,0.7617368516655645,0.7917368516655645
275,SME / Middle-Market Term Lending,Term Loan,PPSR - Mixed,Professional Services,7715683.95,0.443038,2021,2024,proxy_years_on_book_3.0y,0.5835398496617488,0.6541238573104179,0.6941238573104179
276,SME / Middle-Market Term Lending,Term Loan,Property,Mining,7250030.4,0.124747,2015,2018,proxy_years_on_book_3.0y,0.16153617999999997,0.16153617999999997,0.3
277,SME / Middle-Market Term Lending,Term Loan,PPSR - Mixed,Wholesale Trade,14825217.27,0.75924,2015,2018,proxy_years_on_book_3.0y,0.9606899602378861,1.0,1.0
278,Overdraft / Revolver,Revolving Credit,PPSR - Mixed,Health Care,9339107.22,0.870064,2015,2018,proxy_years_on_book_3.0y,0.9395426944998369,1.0,1.0
279,SME / Middle-Market Term Lending,Term Loan,GSR Only,Retail Trade,14167828.04,0.944696,2018,2021,proxy_years_on_book_3.0y,0.98,1.0,1.0
280,SME / Middle-Market Term Lending,Term Loan,Property,Transport,4026781.47,0.187976,2020,2023,proxy_years_on_book_3.0y,0.197976,0.20787480000000003,0.3
281,Asset / Equipment Finance,Term Loan,PPSR - P&E,Real Estate,9461399.54,0.735718,2016,2019,proxy_years_on_book_3.0y,0.63179434823275,0.679986879608201,0.699986879608201
282,Overdraft / Revolver,Revolving Credit,Property,Retail Trade,5282496.95,0.345884,2017,2020,proxy_years_on_book_3.0y,0.42518729271414224,0.44773061934926256,0.49273061934926254
283,SME / Middle-Market Term Lending,Term Loan,Property,Wholesale Trade,4911830.64,0.152252,2020,2023,proxy_years_on_book_3.0y,0.25732688,0.2624734176,0.5
284,Overdraft / Revolver,Revolving Credit,Property,Information Technology,6187175.33,0.0,2016,2019,proxy_years_on_book_3.0y,0.12043208784323448,0.13411980103350063,0.48
285,Overdraft / Revolver,Revolving Credit,Property,Education & Training,604099.89,0.306858,2020,2023,proxy_years_on_book_3.0y,0.3494164393218012,0.3693998449948417,0.48
286,Overdraft / Revolver,Revolving Credit,PPSR - Mixed,Manufacturing,7246232.44,0.814207,2020,2023,proxy_years_on_book_3.0y,0.8803620586690221,0.9428064493903016,0.9878064493903016
287,SME / Middle-Market Term Lending,Term Loan,Property,Construction,10408399.93,0.042719,2016,2019,proxy_years_on_book_3.0y,0.09561586,0.09880305533333333,0.5
288,Overdraft / Revolver,Revolving Credit,Property,Arts & Recreation,5107811.23,0.0,2021,2024,proxy_years_on_book_3.0y,0.12790173809453412,0.14388829472033213,0.48
289,SME / Middle-Market Term Lending,Term Loan,GSR Only,Construction,3210937.8,0.974488,2021,2024,proxy_years_on_book_3.0y,0.98,1.0,1.0
290,SME / Middle-Market Term Lending,Term Loan,PPSR - Mixed,Real Estate,9485127.37,0.856572,2019,2022,proxy_years_on_book_3.0y,0.89641643,1.0,1.0
291,SME / Middle-Market Term Lending,Term Loan,Property,Education & Training,14218473.57,0.0,2020,2023,proxy_years_on_book_3.0y,0.18016445208645487,0.19718999280862487,0.5
292,Overdraft / Revolver,Overdraft,Property,Arts & Recreation,1606230.9,0.199159,2017,2020,proxy_years_on_book_3.0y,0.2179839956229527,0.22046914660121905,0.42
293,Asset / Equipment Finance,Term Loan,PPSR - P&E,Transport,2226892.12,0.921241,2017,2020,proxy_years_on_book_3.0y,0.8219219801350629,0.9144256259335444,0.9344256259335444
294,SME / Middle-Market Term Lending,Term Loan,PPSR - Mixed,Accommodation & Food,6286351.69,0.60339,2017,2020,proxy_years_on_book_3.0y,0.7024069550807241,0.8157492144377633,0.8557492144377633
295,SME / Middle-Market Term Lending,Term Loan,PPSR - Mixed,Agriculture,1084244.64,0.839652,2021,2024,proxy_years_on_book_3.0y,0.871652,0.9843170887093332,1.0
296,Receivables / Invoice Finance,Term Loan,PPSR - Receivables,Manufacturing,6526557.49,0.96576,2016,2019,proxy_years_on_book_3.0y,0.99,1.0,1.0
297,Receivables / Invoice Finance,Term Loan,PPSR - Receivables,Accommodation & Food,14641993.5,0.650884,2020,2023,proxy_years_on_book_3.0y,0.8274384991301389,0.961229881480024,0.996229881480024
298,SME / Middle-Market Term Lending,Term Loan,Property,Agriculture,8703382.02,0.427004,2020,2023,proxy_years_on_book_3.0y,0.5043137599999999,0.5597633941211732,0.5997633941211732
299,SME / Middle-Market Term Lending,Term Loan,GSR Only,Agriculture,10540516.54,0.924839,2017,2020,proxy_years_on_book_3.0y,0.98,1.0,1.0
300,SME / Middle-Market Term Lending,Term Loan,GSR Only,Retail Trade,528027.11,0.962193,2020,2023,proxy_years_on_book_3.0y,0.9458214199999998,1.0,1.0
301,Asset / Equipment Finance,Term Loan,PPSR - P&E,Transport,10403283.75,0.8247,2017,2020,proxy_years_on_book_3.0y,0.6747426926048052,0.7442099336121437,0.7742099336121437
302,Asset / Equipment Finance,Term Loan,PPSR - P&E,Manufacturing,12543007.37,0.573205,2019,2022,proxy_years_on_book_3.0y,0.5561469492238156,0.6010268068214711,0.6310268068214712
303,Overdraft / Revolver,Overdraft,PPSR - Mixed,Accommodation & Food,7717352.38,0.643026,2018,2021,proxy_years_on_book_3.0y,0.7115297921498828,0.7423100082624066,0.7873100082624066
304,Overdraft / Revolver,Overdraft,Property,Agriculture,8378264.42,0.174809,2017,2020,proxy_years_on_book_3.0y,0.26224902319750215,0.2690950093953495,0.48
305,Receivables / Invoice Finance,Term Loan,PPSR - Receivables,Construction,10774001.3,0.763164,2016,2019,proxy_years_on_book_3.0y,0.935598961491814,1.0,1.0
306,Receivables / Invoice Finance,Revolving Credit,PPSR - Receivables,Construction,905284.39,0.854766,2021,2024,proxy_years_on_book_3.0y,0.9304600186970068,1.0,1.0
307,Overdraft / Revolver,Revolving Credit,PPSR - Mixed,Construction,6894738.64,0.615128,2018,2021,proxy_years_on_book_3.0y,0.6920237454446891,0.7340927340799057,0.7790927340799058
308,Asset / Equipment Finance,Term Loan,PPSR - P&E,Retail Trade,2912032.8,0.97406,2019,2022,proxy_years_on_book_3.0y,0.7407568826428987,0.8155544421523323,0.8455544421523323
309,Trade / Contingent Facilities (Proxy),Revolving Credit,GSR Only,Professional Services,12295961.46,0.803645,2016,2019,proxy_years_on_book_3.0y,0.6578535019284838,0.7232598484231153,0.7382598484231153
310,SME / Middle-Market Term Lending,Term Loan,Property,Manufacturing,3443279.08,0.160161,2017,2020,proxy_years_on_book_3.0y,0.21070485235463596,0.21070485235463596,0.3
311,SME / Middle-Market Term Lending,Term Loan,Property,Accommodation & Food,9685631.38,0.229065,2018,2021,proxy_years_on_book_3.0y,0.28656135,0.29883056972070005,0.4
312,Receivables / Invoice Finance,Term Loan,PPSR - Receivables,Mining,3154812.26,0.548029,2016,2019,proxy_years_on_book_3.0y,0.7528505006559351,0.89435049266259,0.92935049266259
313,Receivables / Invoice Finance,Revolving Credit,PPSR - Receivables,Health Care,3356863.22,0.666519,2016,2019,proxy_years_on_book_3.0y,0.8162544984275565,0.9223816586325236,0.9573816586325238
314,SME / Middle-Market Term Lending,Term Loan,Property,Construction,3248932.48,0.038366,2021,2024,proxy_years_on_book_3.0y,0.11831404,0.11831404,0.3
315,SME / Middle-Market Term Lending,Term Loan,Property,Transport,7296051.81,0.36085,2018,2021,proxy_years_on_book_3.0y,0.5064571428571428,0.5504790729904762,0.5904790729904762
316,SME / Middle-Market Term Lending,Term Loan,PPSR - Mixed,Arts & Recreation,3120540.95,0.576786,2021,2024,proxy_years_on_book_3.0y,0.6822366617027467,0.7178789790323037,0.7578789790323037
317,SME / Middle-Market Term Lending,Term Loan,Property,Mining,12530438.04,0.0,2017,2020,proxy_years_on_book_3.0y,0.19356807223564113,0.21270711537794015,0.5
318,Overdraft / Revolver,Revolving Credit,PPSR - Mixed,Transport,4238224.91,0.479667,2016,2019,proxy_years_on_book_3.0y,0.5604586562652764,0.5648036539408835,0.6098036539408835
319,SME / Middle-Market Term Lending,Term Loan,PPSR - Mixed,Transport,8331282.3,0.835592,2018,2021,proxy_years_on_book_3.0y,0.947092,1.0,1.0
320,Receivables / Invoice Finance,Term Loan,PPSR - Receivables,Manufacturing,10736301.98,0.745729,2018,2021,proxy_years_on_book_3.0y,0.9697706715010702,1.0,1.0
321,Overdraft / Revolver,Revolving Credit,Property,Information Technology,4632355.55,0.453838,2017,2020,proxy_years_on_book_3.0y,0.536341619286603,0.5672075573560631,0.6122075573560631
322,Asset / Equipment Finance,Term Loan,PPSR - P&E,Real Estate,10476959.57,0.483521,2017,2020,proxy_years_on_book_3.0y,0.5072298172552607,0.537045874436503,0.557045874436503
323,Overdraft / Revolver,Revolving Credit,Property,Accommodation & Food,6494922.2,0.412198,2017,2020,proxy_years_on_book_3.0y,0.5169362962785913,0.5750382872836253,0.6200382872836253
324,Receivables / Invoice Finance,Term Loan,PPSR - Receivables,Wholesale Trade,7731070.76,0.62452,2015,2018,proxy_years_on_book_3.0y,0.7530677909270457,0.8319936687238768,0.8569936687238768
325,Asset / Equipment Finance,Overdraft,PPSR - P&E,Financial Services,2346347.38,0.650421,2016,2019,proxy_years_on_book_3.0y,0.6003722139568719,0.6579863514975764,0.6879863514975765
326,SME / Middle-Market Term Lending,Term Loan,Property,Real Estate,7233753.17,0.432873,2016,2019,proxy_years_on_book_3.0y,0.6036619767710065,0.67075598717922,0.7107559871792201
327,Trade / Contingent Facilities (Proxy),Revolving Credit,GSR Only,Professional Services,1898095.33,0.980018,2017,2020,proxy_years_on_book_3.0y,0.8707207072448843,1.0,1.0
328,Asset / Equipment Finance,Term Loan,PPSR - P&E,Arts & Recreation,7765910.65,0.680012,2015,2018,proxy_years_on_book_3.0y,0.6260074255312218,0.6680714674332023,0.6980714674332024
329,Asset / Equipment Finance,Term Loan,PPSR - P&E,Financial Services,6999950.99,0.692498,2018,2021,proxy_years_on_book_3.0y,0.6101577331476855,0.6672005508237341,0.6972005508237341
330,Trade / Contingent Facilities (Proxy),Overdraft,GSR Only,Manufacturing,11080117.26,0.786542,2017,2020,proxy_years_on_book_3.0y,0.7038192521298227,0.7848248726605288,0.8098248726605288
331,Overdraft / Revolver,Revolving Credit,Property,Professional Services,9048339.94,0.547786,2017,2020,proxy_years_on_book_3.0y,0.6625569565575922,0.7408838740977471,0.7858838740977472
332,SME / Middle-Market Term Lending,Term Loan,Property,Financial Services,10907079.94,0.016881,2018,2021,proxy_years_on_book_3.0y,0.16167590428571427,0.18356277982839284,0.3
333,SME / Middle-Market Term Lending,Term Loan,GSR Only,Utilities,13348221.37,0.791922,2015,2018,proxy_years_on_book_3.0y,0.85861668,0.9719540817600001,1.0
334,Asset / Equipment Finance,Term Loan,PPSR - P&E,Construction,3357123.25,0.675568,2019,2022,proxy_years_on_book_3.0y,0.5965172471725417,0.6518646614870135,0.6818646614870135
335,Overdraft / Revolver,Revolving Credit,Property,Retail Trade,3857910.26,0.154256,2019,2022,proxy_years_on_book_3.0y,0.1752082012036701,0.18716196808110436,0.48
336,Overdraft / Revolver,Revolving Credit,PPSR - Mixed,Health Care,6752051.94,0.638186,2015,2018,proxy_years_on_book_3.0y,0.7159756700193325,0.7579314753084595,0.8029314753084595
337,SME / Middle-Market Term Lending,Term Loan,Property,Agriculture,6848721.92,0.324064,2019,2022,proxy_years_on_book_3.0y,0.38468466000000007,0.39676145021604003,0.43676145021604
338,Trade / Contingent Facilities (Proxy),Revolving Credit,GSR Only,Agriculture,5338516.16,0.897607,2015,2018,proxy_years_on_book_3.0y,0.8385502676540434,0.9597757068246686,0.9847757068246686
339,Receivables / Invoice Finance,Overdraft,PPSR - Receivables,Wholesale Trade,2538740.08,0.788232,2019,2022,proxy_years_on_book_3.0y,0.99,1.0,1.0
340,Receivables / Invoice Finance,Overdraft,PPSR - Receivables,Information Technology,11256541.51,0.767247,2018,2021,proxy_years_on_book_3.0y,0.8892932554883355,1.0,1.0
341,Overdraft / Revolver,Revolving Credit,PPSR - Mixed,Financial Services,3789553.14,0.861112,2017,2020,proxy_years_on_book_3.0y,0.848116537722489,0.8789961866088724,0.9139961866088724
342,Overdraft / Revolver,Revolving Credit,Property,Accommodation & Food,660078.09,0.144419,2017,2020,proxy_years_on_book_3.0y,0.1987379470263132,0.2048816687533941,0.48
343,SME / Middle-Market Term Lending,Term Loan,Property,Real Estate,6462676.55,0.51914,2017,2020,proxy_years_on_book_3.0y,0.5661400000000001,0.6119146835600001,0.6519146835600002
344,SME / Middle-Market Term Lending,Term Loan,Property,Utilities,6258340.18,0.380893,2018,2021,proxy_years_on_book_3.0y,0.42948660882113804,0.4634320850847373,0.5034320850847374
345,Overdraft / Revolver,Overdraft,PPSR - Mixed,Health Care,13519847.64,0.443751,2015,2018,proxy_years_on_book_3.0y,0.5565347104457191,0.6333298092481597,0.6783298092481598
346,Asset / Equipment Finance,Term Loan,PPSR - P&E,Mining,10672413.42,0.680453,2018,2021,proxy_years_on_book_3.0y,0.7181666681127343,0.799744812018503,0.819744812018503
347,Overdraft / Revolver,Overdraft,PPSR - Mixed,Real Estate,11301349.79,0.674592,2020,2023,proxy_years_on_book_3.0y,0.7509720624368313,0.760461356737323,0.805461356737323
348,Asset / Equipment Finance,Overdraft,PPSR - P&E,Education & Training,13782102.27,0.634188,2019,2022,proxy_years_on_book_3.0y,0.6858681953952039,0.7607990731505392,0.7807990731505392
349,Overdraft / Revolver,Overdraft,Property,Information Technology,12393025.17,0.200041,2015,2018,proxy_years_on_book_3.0y,0.2895652464815603,0.3060323144287613,0.48
350,Overdraft / Revolver,Overdraft,PPSR - Mixed,Health Care,2081789.63,0.870617,2015,2018,proxy_years_on_book_3.0y,0.856762407477459,0.8574986091625839,0.892498609162584
351,Asset / Equipment Finance,Revolving Credit,PPSR - P&E,Construction,3009857.95,0.859097,2020,2023,proxy_years_on_book_3.0y,0.6487171973350321,0.6994265963638636,0.7194265963638636
352,Overdraft / Revolver,Revolving Credit,PPSR - Mixed,Transport,1049119.33,0.694037,2018,2021,proxy_years_on_book_3.0y,0.7495628355934305,0.8051466778313706,0.8501466778313707
353,Asset / Equipment Finance,Term Loan,PPSR - P&E,Retail Trade,7963821.57,0.563189,2017,2020,proxy_years_on_book_3.0y,0.5591883205068748,0.6142245475170847,0.6442245475170847
354,Asset / Equipment Finance,Revolving Credit,PPSR - P&E,Agriculture,1544831.92,0.466533,2017,2020,proxy_years_on_book_3.0y,0.5259805341498752,0.5664147407454379,0.5964147407454379
355,Receivables / Invoice Finance,Term Loan,PPSR - Receivables,Agriculture,8882657.49,0.773531,2020,2023,proxy_years_on_book_3.0y,0.99,1.0,1.0
356,Trade / Contingent Facilities (Proxy),Revolving Credit,GSR Only,Financial Services,5211142.37,0.77742,2018,2021,proxy_years_on_book_3.0y,0.5819128478307662,0.6337261145856237,0.6487261145856237
357,SME / Middle-Market Term Lending,Term Loan,Property,Construction,14697186.08,0.559527,2016,2019,proxy_years_on_book_3.0y,0.626652,0.6720792567839999,0.712079256784
358,Trade / Contingent Facilities (Proxy),Overdraft,GSR Only,Health Care,3230680.62,0.92346,2018,2021,proxy_years_on_book_3.0y,0.8709999835508748,1.0,1.0
359,Receivables / Invoice Finance,Term Loan,PPSR - Receivables,Accommodation & Food,5411175.37,0.78817,2017,2020,proxy_years_on_book_3.0y,0.8456550532128918,0.9075208331192292,0.9325208331192292
360,SME / Middle-Market Term Lending,Term Loan,GSR Only,Transport,3997867.33,0.847246,2015,2018,proxy_years_on_book_3.0y,0.9594057305881273,1.0,1.0
361,SME / Middle-Market Term Lending,Term Loan,PPSR - Mixed,Construction,12714392.91,0.669184,2017,2020,proxy_years_on_book_3.0y,0.7948164241717116,0.8632167360030808,0.9032167360030808
362,SME / Middle-Market Term Lending,Term Loan,Property,Transport,8677085.53,0.229324,2016,2019,proxy_years_on_book_3.0y,0.32581292857142863,0.3317997411339286,0.3717997411339286
363,Receivables / Invoice Finance,Revolving Credit,PPSR - Receivables,Professional Services,2282149.02,0.491986,2019,2022,proxy_years_on_book_3.0y,0.5689803407936325,0.608058215489951,0.633058215489951
364,Asset / Equipment Finance,Overdraft,PPSR - P&E,Information Technology,1264907.16,0.568105,2015,2018,proxy_years_on_book_3.0y,0.5550410947259197,0.5919869332788319,0.6219869332788319
365,SME / Middle-Market Term Lending,Term Loan,Property,Retail Trade,10105465.42,0.16755,2019,2022,proxy_years_on_book_3.0y,0.3057850817404081,0.3231129030390312,0.5
366,Overdraft / Revolver,Overdraft,PPSR - Mixed,Agriculture,7758095.07,0.728955,2020,2023,proxy_years_on_book_3.0y,0.8151400432789133,0.8350077454020546,0.8800077454020546
367,Overdraft / Revolver,Revolving Credit,PPSR - Mixed,Utilities,11621590.19,0.603011,2021,2024,proxy_years_on_book_3.0y,0.6701355870006038,0.6841593503868422,0.7291593503868422
368,Receivables / Invoice Finance,Term Loan,PPSR - Receivables,Professional Services,1418494.69,0.70436,2020,2023,proxy_years_on_book_3.0y,0.902627426168648,1.0,1.0
369,Overdraft / Revolver,Revolving Credit,PPSR - Mixed,Wholesale Trade,12112633.5,0.942322,2017,2020,proxy_years_on_book_3.0y,0.99,1.0,1.0
370,SME / Middle-Market Term Lending,Term Loan,Property,Agriculture,4544211.48,0.352122,2020,2023,proxy_years_on_book_3.0y,0.4436419300000001,0.45986857723168006,0.5
371,SME / Middle-Market Term Lending,Term Loan,PPSR - Mixed,Mining,13708018.14,0.757207,2020,2023,proxy_years_on_book_3.0y,0.8224448182660606,0.8531151562805657,0.8931151562805657
372,Trade / Contingent Facilities (Proxy),Revolving Credit,GSR Only,Agriculture,9638141.74,0.909769,2021,2024,proxy_years_on_book_3.0y,0.8853380456844431,1.0,1.0
373,Asset / Equipment Finance,Overdraft,PPSR - P&E,Transport,8956194.5,0.845214,2015,2018,proxy_years_on_book_3.0y,0.6997610303352981,0.7477349048697397,0.7777349048697397
374,SME / Middle-Market Term Lending,Term Loan,PPSR - Mixed,Professional Services,13173653.51,0.878421,2020,2023,proxy_years_on_book_3.0y,0.98,1.0,1.0
375,Asset / Equipment Finance,Revolving Credit,PPSR - P&E,Construction,13184917.77,0.803588,2016,2019,proxy_years_on_book_3.0y,0.6755176172011422,0.741036161039537,0.771036161039537
376,SME / Middle-Market Term Lending,Term Loan,PPSR - Mixed,Construction,8065200.32,0.862468,2020,2023,proxy_years_on_book_3.0y,0.89620117,0.9840575630974399,1.0
377,Trade / Contingent Facilities (Proxy),Overdraft,GSR Only,Real Estate,6849483.41,1.002778,2017,2020,proxy_years_on_book_3.0y,0.8818281174267778,1.0,1.0
378,SME / Middle-Market Term Lending,Term Loan,Property,Retail Trade,9473138.85,0.099091,2019,2022,proxy_years_on_book_3.0y,0.2219473614285714,0.23734495962767854,0.3
379,Overdraft / Revolver,Revolving Credit,Property,Retail Trade,6583426.47,0.185791,2020,2023,proxy_years_on_book_3.0y,0.2964810151429485,0.3095807462214724,0.48
380,Overdraft / Revolver,Revolving Credit,Property,Utilities,372796.23,0.331566,2016,2019,proxy_years_on_book_3.0y,0.32295946708575785,0.3269290992415627,0.48
381,Overdraft / Revolver,Revolving Credit,Property,Transport,8687846.48,0.513332,2020,2023,proxy_years_on_book_3.0y,0.6289242167523168,0.687575549114129,0.732575549114129
382,SME / Middle-Market Term Lending,Term Loan,PPSR - Mixed,Health Care,2781812.09,0.507543,2015,2018,proxy_years_on_book_3.0y,0.5245926678716687,0.5433597957005549,0.583359795700555
383,Receivables / Invoice Finance,Overdraft,PPSR - Receivables,Real Estate,9705765.64,0.716659,2019,2022,proxy_years_on_book_3.0y,0.8686506896128571,0.982356406032068,1.0
384,SME / Middle-Market Term Lending,Term Loan,GSR Only,Wholesale Trade,10526984.26,0.86398,2016,2019,proxy_years_on_book_3.0y,0.98,1.0,1.0
385,Asset / Equipment Finance,Term Loan,PPSR - P&E,Transport,5911562.54,0.572097,2020,2023,proxy_years_on_book_3.0y,0.6925053566125117,0.7774579740725867,0.8074579740725867
386,Trade / Contingent Facilities (Proxy),Overdraft,GSR Only,Information Technology,5701697.65,0.927839,2017,2020,proxy_years_on_book_3.0y,0.7454949667449221,0.8308362503203849,0.8558362503203849
387,Overdraft / Revolver,Revolving Credit,Property,Education & Training,3548680.27,0.116578,2020,2023,proxy_years_on_book_3.0y,0.2216455329963361,0.23907201605492048,0.48
388,Overdraft / Revolver,Overdraft,Property,Information Technology,10260937.29,0.427628,2017,2020,proxy_years_on_book_3.0y,0.5105337324633845,0.5284905379484015,0.5734905379484015
389,Overdraft / Revolver,Overdraft,Property,Education & Training,2290879.96,0.052674,2015,2018,proxy_years_on_book_3.0y,0.10288803530572103,0.1038527996361277,0.48
390,SME / Middle-Market Term Lending,Term Loan,Property,Financial Services,1120048.17,0.210966,2018,2021,proxy_years_on_book_3.0y,0.29691404,0.3186251863755733,0.5
391,SME / Middle-Market Term Lending,Term Loan,PPSR - Mixed,Arts & Recreation,11738284.29,0.506659,2015,2018,proxy_years_on_book_3.0y,0.56092996,0.5832848886725334,0.6232848886725334
392,SME / Middle-Market Term Lending,Term Loan,PPSR - Mixed,Retail Trade,11336045.0,0.473257,2020,2023,proxy_years_on_book_3.0y,0.6389513168146905,0.7340604982251908,0.7740604982251909
393,Asset / Equipment Finance,Revolving Credit,PPSR - P&E,Professional Services,6230289.65,0.769274,2015,2018,proxy_years_on_book_3.0y,0.7596907913897011,0.8503097840707573,0.8703097840707573
394,Asset / Equipment Finance,Overdraft,PPSR - P&E,Professional Services,14067530.39,0.718456,2015,2018,proxy_years_on_book_3.0y,0.7891083001579349,0.8939116918026665,0.9239116918026664
395,Asset / Equipment Finance,Revolving Credit,PPSR - P&E,Retail Trade,6820169.71,0.840495,2019,2022,proxy_years_on_book_3.0y,0.8368907971256121,0.9475627826423332,0.9775627826423332
396,Asset / Equipment Finance,Term Loan,PPSR - P&E,Accommodation & Food,13989905.28,0.704248,2018,2021,proxy_years_on_book_3.0y,0.7579568819831837,0.8493471714729434,0.8793471714729434
397,SME / Middle-Market Term Lending,Term Loan,Property,Transport,11681175.36,0.035997,2021,2024,proxy_years_on_book_3.0y,0.1792323514285714,0.19915701449571427,0.3
398,Overdraft / Revolver,Revolving Credit,Property,Education & Training,3437769.72,0.535733,2018,2021,proxy_years_on_book_3.0y,0.6058542570473394,0.6376782921523569,0.682678292152357
399,SME / Middle-Market Term Lending,Term Loan,PPSR - Mixed,Construction,12685783.72,0.742837,2015,2018,proxy_years_on_book_3.0y,0.8471883759431171,0.9443761320545597,0.9843761320545598
400,SME / Middle-Market Term Lending,Term Loan,Property,Mining,8287923.5,0.309167,2019,2022,proxy_years_on_book_3.0y,0.40666700000000006,0.40666700000000006,0.44666700000000004
401,Asset / Equipment Finance,Term Loan,PPSR - P&E,Wholesale Trade,11688960.94,0.69771,2018,2021,proxy_years_on_book_3.0y,0.6077786556651477,0.66631891945467,0.6963189194546701
402,SME / Middle-Market Term Lending,Term Loan,Property,Agriculture,6901183.67,0.0,2016,2019,proxy_years_on_book_3.0y,0.1488742857142857,0.1612308514285714,0.3
403,Overdraft / Revolver,Overdraft,PPSR - Mixed,Manufacturing,11521077.14,0.521717,2019,2022,proxy_years_on_book_3.0y,0.6141463365256922,0.6685236630460448,0.7135236630460449
404,SME / Middle-Market Term Lending,Term Loan,Property,Retail Trade,5304804.32,0.325771,2016,2019,proxy_years_on_book_3.0y,0.47023694714285713,0.5421698766755453,0.5821698766755453
405,Receivables / Invoice Finance,Term Loan,PPSR - Receivables,Wholesale Trade,12437558.12,0.955851,2015,2018,proxy_years_on_book_3.0y,0.99,1.0,1.0
406,SME / Middle-Market Term Lending,Term Loan,PPSR - Mixed,Real Estate,2991748.31,0.557172,2019,2022,proxy_years_on_book_3.0y,0.5754416800000001,0.6003774861333333,0.6403774861333333
407,Receivables / Invoice Finance,Term Loan,PPSR - Receivables,Information Technology,7033747.32,0.588129,2017,2020,proxy_years_on_book_3.0y,0.7425408009773649,0.8491669490236021,0.8841669490236022
408,Trade / Contingent Facilities (Proxy),Revolving Credit,GSR Only,Transport,3501683.97,0.984017,2015,2018,proxy_years_on_book_3.0y,0.92,1.0,1.0
409,Asset / Equipment Finance,Overdraft,PPSR - P&E,Retail Trade,12591053.31,0.938969,2015,2018,proxy_years_on_book_3.0y,0.8650137200892171,0.9724590631953296,1.0
410,Asset / Equipment Finance,Revolving Credit,PPSR - P&E,Information Technology,2572046.42,0.885255,2016,2019,proxy_years_on_book_3.0y,0.7042188973590784,0.7717080280608475,0.8017080280608475
411,SME / Middle-Market Term Lending,Term Loan,Property,Health Care,3351273.61,0.269504,2018,2021,proxy_years_on_book_3.0y,0.36566376000000006,0.37170525664272,0.41170525664272
412,SME / Middle-Market Term Lending,Term Loan,GSR Only,Construction,8456617.2,0.745922,2015,2018,proxy_years_on_book_3.0y,0.8479309510342214,0.998897990774606,1.0
413,SME / Middle-Market Term Lending,Term Loan,GSR Only,Manufacturing,479931.44,1.038751,2020,2023,proxy_years_on_book_3.0y,0.98,1.0,1.0
414,Overdraft / Revolver,Overdraft,Property,Accommodation & Food,8292605.58,0.1832,2015,2018,proxy_years_on_book_3.0y,0.3086259020785451,0.35316144230395025,0.48
415,Asset / Equipment Finance,Term Loan,PPSR - P&E,Wholesale Trade,13924050.26,0.602347,2016,2019,proxy_years_on_book_3.0y,0.5485642862154201,0.5965546852476081,0.6265546852476082
416,SME / Middle-Market Term Lending,Term Loan,GSR Only,Arts & Recreation,11823308.9,0.913256,2017,2020,proxy_years_on_book_3.0y,0.98,1.0,1.0
417,SME / Middle-Market Term Lending,Term Loan,PPSR - Mixed,Accommodation & Food,13398472.51,0.800796,2020,2023,proxy_years_on_book_3.0y,0.9360376201124786,1.0,1.0
418,Overdraft / Revolver,Revolving Credit,PPSR - Mixed,Transport,13007954.79,0.66639,2018,2021,proxy_years_on_book_3.0y,0.757221284531117,0.8293967277502319,0.8743967277502319
419,SME / Middle-Market Term Lending,Term Loan,GSR Only,Manufacturing,7936320.59,0.907642,2020,2023,proxy_years_on_book_3.0y,0.98,1.0,1.0
420,Receivables / Invoice Finance,Overdraft,PPSR - Receivables,Health Care,1961726.29,0.752001,2017,2020,proxy_years_on_book_3.0y,0.9338817921443254,1.0,1.0
