loan_id,product,state,industry,annual_revenue,ebitda,leverage_ratio,interest_coverage_ratio,years_in_business,facility_type,facility_limit,drawn_balance,undrawn_amount,ccf,ead,seniority,has_director_guarantee,security_type,collateral_value,security_coverage_ratio,default_date,default_trigger,discount_rate,resolution_strategy,workout_months,realised_lgd,industry_risk_score,industry_risk_level,industry_debt_to_ebitda_benchmark,industry_icr_benchmark
1,Commercial,NSW,Transport,32332183.62,3362505.25,5.54,6.56,17,Term Loan,9361831.53,8778335.63,583495.9,1.0,9361831.53,Senior Secured,1,PPSR - Mixed,7327349.23,0.7827,2018-06-28,Voluntary Administration,0.0515,Workout,36,0.538486,2.14,Medium,2.6,3.8
2,Commercial,QLD,Retail Trade,10227603.74,1134952.62,15.22,2.29,15,Term Loan,9825662.42,8897592.09,928070.33,1.0,9825662.42,Senior Secured,0,PPSR - Receivables,5011586.35,0.5101,2020-07-08,90 DPD,0.0606,Workout,18,0.839104,3.23,Elevated,3.1,3.2
3,Commercial,NSW,Transport,2148240.79,234653.07,73.65,0.45,3,Term Loan,9938944.74,8934014.91,1004929.83,1.0,9938944.74,Senior Secured,0,PPSR - Mixed,10079536.79,1.0141,2018-08-27,Voluntary Administration,0.069,Voluntary Administration,23,0.816862,2.14,Medium,2.6,3.8
4,Commercial,NSW,Retail Trade,6901869.31,666887.32,9.25,4.68,13,Term Loan,3557149.29,3093260.15,463889.14,1.0,3557149.29,Senior Secured,0,PPSR - Mixed,2778480.83,0.7811,2018-03-14,90 DPD,0.0631,Voluntary Administration,32,0.839249,3.23,Elevated,3.1,3.2
5,Commercial,VIC,Agriculture,4980377.15,974229.61,20.89,1.75,20,Revolving Credit,12251341.51,9098378.9,3152962.61,0.6653,11196031.34,Senior Secured,1,PPSR - Receivables,10403096.02,0.9292,2020-05-09,Receivership,0.0659,Receivership,36,0.803628,3.5,Elevated,2.9,3.6
6,Commercial,WA,Mining,14669670.3,1336735.38,15.43,2.11,38,Term Loan,13929283.48,13894548.81,34734.68,1.0,13929283.48,Senior Unsecured,0,PPSR - P&E,8804423.13,0.6321,2019-06-16,Receivership,0.0678,Workout,33,0.809216,3.5,Elevated,3.5,2.9
7,Commercial,QLD,Wholesale Trade,5229588.43,406028.95,40.09,1.24,39,Overdraft,8124059.63,4215680.58,3908379.05,0.8688,7611122.7,Senior Secured,0,PPSR - Receivables,6607129.58,0.8681,2023-06-13,Covenant Breach,0.0695,Workout,14,0.66462,3.23,Elevated,3.5,2.9
8,Commercial,VIC,Construction,2585073.17,227425.13,30.39,0.72,38,Revolving Credit,7919402.53,4118761.3,3800641.23,0.529,6129221.2,Senior Secured,1,PPSR - Mixed,5077019.1,0.8283,2022-09-30,Voluntary Administration,0.0603,Voluntary Administration,22,0.753094,2.68,Medium,3.3,3.1
9,Commercial,NSW,Accommodation & Food,6489669.72,1416322.77,6.41,5.64,17,Revolving Credit,4410823.5,2635922.21,1774901.29,0.6336,3760424.59,Senior Secured,1,Property,4418315.89,1.175,2022-10-28,Voluntary Administration,0.0608,Voluntary Administration,23,0.199403,2.68,Medium,2.7,3.7
10,Commercial,QLD,Construction,3262817.17,292476.45,19.74,1.62,38,Revolving Credit,3166864.59,2945554.76,221309.83,0.703,3101135.62,Senior Secured,1,PPSR - P&E,2498884.62,0.8058,2022-09-02,Voluntary Administration,0.0628,Workout,25,0.490286,2.68,Medium,3.3,3.1
11,Commercial,VIC,Accommodation & Food,1239811.93,267042.71,43.3,1.09,17,Revolving Credit,6286148.66,5670687.53,615461.13,0.6787,6088384.74,Senior Unsecured,1,GSR Only,2738293.36,0.4498,2022-04-16,90 DPD,0.0641,Receivership,15,0.940902,2.68,Medium,2.7,3.7
12,Commercial,WA,Health Care,2560776.74,474383.95,32.79,0.73,24,Term Loan,9868969.77,9772094.67,96875.09,1.0,9868969.77,Senior Secured,1,PPSR - Mixed,6522522.13,0.6609,2022-10-29,Covenant Breach,0.069,Voluntary Administration,21,0.724956,2.22,Medium,2.1,4.5
13,Commercial,NSW,Retail Trade,5680488.58,1247611.4,6.69,5.53,13,Term Loan,3829849.32,3824894.01,4955.32,1.0,3829849.32,Senior Unsecured,1,PPSR - P&E,3519402.38,0.9189,2022-05-07,Voluntary Administration,0.0664,Voluntary Administration,28,0.522641,3.23,Elevated,3.1,3.2
14,Commercial,NSW,Agriculture,3251307.21,798844.82,23.15,0.99,7,Revolving Credit,14383731.2,10953816.2,3429915.0,0.5774,12934160.23,Senior Secured,1,PPSR - Receivables,9711611.32,0.7508,2023-11-27,Voluntary Administration,0.0625,Workout,23,0.6065,3.5,Elevated,2.9,3.6
15,Commercial,WA,Wholesale Trade,14271283.97,3202623.44,0.84,51.41,33,Overdraft,1214547.38,898218.9,316328.48,0.9082,1185509.4,Senior Unsecured,0,GSR Only,472536.49,0.3986,2023-07-08,Voluntary Administration,0.0528,Voluntary Administration,21,1.027464,3.23,Elevated,3.5,2.9
16,Commercial,NSW,Accommodation & Food,1746160.13,310709.73,16.58,1.87,39,Term Loan,3922061.13,3406472.96,515588.16,1.0,3922061.13,Senior Unsecured,0,PPSR - Receivables,2636729.44,0.6723,2021-12-17,90 DPD,0.0534,Write-off,16,0.794797,2.68,Medium,2.7,3.7
17,Commercial,VIC,Accommodation & Food,2705822.38,411584.52,8.79,2.21,23,Term Loan,3291907.17,2799651.05,492256.13,1.0,3291907.17,Senior Unsecured,1,Property,2564879.89,0.7791,2022-06-02,Covenant Breach,0.0672,Receivership,31,0.375586,2.68,Medium,2.7,3.7
18,Commercial,NSW,Professional Services,2255938.83,435746.9,16.74,2.11,16,Term Loan,3727982.59,3538790.94,189191.65,1.0,3727982.59,Senior Unsecured,1,PPSR - P&E,3278572.76,0.8794,2022-04-20,Voluntary Administration,0.0567,Receivership,23,0.446132,2.18,Medium,2.3,4.3
19,Commercial,NSW,Agriculture,5734764.66,655705.07,17.48,2.13,2,Revolving Credit,6017634.94,4013866.41,2003768.53,0.6701,5356608.75,Senior Secured,1,PPSR - Receivables,4463588.86,0.8333,2020-02-21,Covenant Breach,0.0594,Workout,21,0.48818,3.5,Elevated,2.9,3.6
20,Commercial,WA,Agriculture,15161544.5,1922865.27,1.48,23.48,13,Term Loan,1956034.81,1893090.91,62943.9,1.0,1956034.81,Senior Secured,1,Property,2147415.88,1.0978,2021-05-03,Covenant Breach,0.0641,Voluntary Administration,15,0.121502,3.5,Elevated,2.9,3.6
21,Commercial,WA,Construction,5092767.28,784255.2,3.13,5.43,35,Term Loan,2408308.16,2066427.94,341880.22,1.0,2408308.16,Senior Secured,1,PPSR - Mixed,2301958.99,0.9558,2018-08-20,90 DPD,0.0529,Receivership,17,0.764812,2.68,Medium,3.3,3.1
22,Commercial,ACT,Health Care,4286929.85,313480.5,24.77,1.6,3,Overdraft,4213752.34,2515716.24,1698036.1,0.8832,4015372.04,Senior Secured,1,PPSR - Receivables,4174954.02,1.0397,2021-06-25,90 DPD,0.0606,Receivership,20,0.452257,2.22,Medium,2.1,4.5
23,Commercial,VIC,Wholesale Trade,13665286.42,3011236.31,6.84,6.15,33,Term Loan,9041718.44,8051654.29,990064.15,1.0,9041718.44,Senior Secured,1,PPSR - Mixed,9324472.7,1.0313,2021-01-27,Covenant Breach,0.0559,Workout,19,0.591235,3.23,Elevated,3.5,2.9
24,Commercial,TAS,Professional Services,31969537.31,1823118.85,5.64,8.25,31,Revolving Credit,6324833.59,3221679.66,3103153.93,0.6899,5362463.86,Senior Secured,1,PPSR - Receivables,5253488.59,0.9797,2019-03-09,Covenant Breach,0.0601,Receivership,27,0.496749,2.18,Medium,2.3,4.3
25,Commercial,VIC,Agriculture,6883158.49,959409.61,17.1,1.34,27,Overdraft,10971887.5,9528310.34,1443577.17,0.7734,10644783.85,Senior Unsecured,0,PPSR - P&E,10279598.73,0.9657,2018-02-13,90 DPD,0.0521,Workout,14,0.758936,3.5,Elevated,2.9,3.6
26,Commercial,QLD,Retail Trade,1066691.67,204278.23,113.41,0.21,21,Term Loan,13340439.53,13176724.96,163714.57,1.0,13340439.53,Senior Secured,1,GSR Only,7108358.46,0.5328,2022-07-26,Voluntary Administration,0.062,Workout,18,0.803077,3.23,Elevated,3.1,3.2
27,Commercial,NSW,Wholesale Trade,1833929.72,278502.8,28.55,1.03,39,Overdraft,4344244.2,2563531.39,1780712.81,0.9752,4300036.0,Senior Secured,1,PPSR - Receivables,3847427.26,0.8947,2018-08-09,Covenant Breach,0.0696,Workout,26,0.67546,3.23,Elevated,3.5,2.9
28,Commercial,SA,Professional Services,7762294.24,1487270.63,13.99,1.94,17,Revolving Credit,10944681.42,8378578.42,2566103.0,0.6967,10166382.85,Senior Secured,1,PPSR - Mixed,8820328.02,0.8676,2022-10-30,Voluntary Administration,0.0636,Receivership,16,0.823109,2.18,Medium,2.3,4.3
29,Commercial,NSW,Construction,6776237.05,1571023.73,15.84,1.7,8,Term Loan,11686060.74,10343417.44,1342643.3,1.0,11686060.74,Senior Secured,0,PPSR - Mixed,8366766.64,0.716,2022-05-02,Covenant Breach,0.0572,Voluntary Administration,17,0.869168,2.68,Medium,3.3,3.1
30,Commercial,NSW,Wholesale Trade,909987.16,194397.28,94.25,0.38,31,Term Loan,7731595.08,7180477.24,551117.84,1.0,7731595.08,Senior Secured,0,GSR Only,2270140.04,0.2936,2020-10-02,Receivership,0.0663,Receivership,26,0.98978,3.23,Elevated,3.5,2.9
31,Commercial,NSW,Accommodation & Food,7574646.85,851175.98,18.78,1.71,5,Overdraft,6981581.05,4870748.16,2110832.89,0.9129,6797657.04,Senior Secured,1,Property,4768483.45,0.7015,2018-04-23,Receivership,0.0666,Voluntary Administration,30,0.416105,2.68,Medium,2.7,3.7
32,Commercial,VIC,Manufacturing,8376878.13,839771.99,16.64,1.14,31,Term Loan,11807325.87,11258131.04,549194.83,1.0,11807325.87,Senior Secured,1,Property,14860909.49,1.2586,2022-06-22,Receivership,0.0575,Voluntary Administration,29,0.0,3.5,Elevated,3.2,3.1
33,Commercial,VIC,Manufacturing,1709538.23,269535.31,59.32,0.48,21,Term Loan,7350524.18,6280574.46,1069949.72,1.0,7350524.18,Senior Secured,1,PPSR - Receivables,3124904.02,0.4251,2022-02-11,Voluntary Administration,0.069,Receivership,21,0.684521,3.5,Elevated,3.2,3.1
34,Commercial,QLD,Professional Services,18559176.34,994196.93,29.52,1.15,36,Revolving Credit,13667782.2,10684472.78,2983309.41,0.5144,12219158.02,Senior Secured,1,PPSR - P&E,8455932.42,0.692,2019-07-29,Voluntary Administration,0.0581,Workout,31,0.693389,2.18,Medium,2.3,4.3
35,Commercial,ACT,Wholesale Trade,5763629.01,882519.68,14.66,1.56,27,Term Loan,9661359.04,9378144.79,283214.25,1.0,9661359.04,Senior Unsecured,1,Property,13216599.65,1.368,2018-09-04,90 DPD,0.0622,Voluntary Administration,12,0.0,3.23,Elevated,3.5,2.9
36,Commercial,SA,Health Care,7849781.89,418877.52,46.36,0.47,25,Term Loan,14041128.96,12174750.19,1866378.77,1.0,14041128.96,Senior Secured,1,PPSR - P&E,12015378.34,0.8557,2019-05-30,Covenant Breach,0.0631,Voluntary Administration,21,0.650271,2.22,Medium,2.1,4.5
37,Commercial,SA,Accommodation & Food,3241243.07,559200.58,11.84,2.78,31,Overdraft,3610864.81,3208916.02,401948.79,0.7808,3522777.32,Senior Secured,0,PPSR - P&E,2667939.86,0.7573,2020-12-18,Voluntary Administration,0.0617,Write-off,34,0.82945,2.68,Medium,2.7,3.7
38,Commercial,VIC,Accommodation & Food,19716741.14,3602857.03,6.69,5.67,36,Revolving Credit,14641836.91,12062928.66,2578908.25,0.6657,13779761.98,Senior Secured,1,Property,13371361.89,0.9704,2021-04-23,90 DPD,0.0572,Receivership,12,0.333649,2.68,Medium,2.7,3.7
39,Commercial,NSW,Manufacturing,32993060.05,3795198.18,3.95,8.05,26,Term Loan,8105549.06,7907910.31,197638.75,1.0,8105549.06,Senior Unsecured,1,PPSR - Mixed,7807815.69,0.9633,2019-08-21,Covenant Breach,0.0514,Receivership,17,0.721174,3.5,Elevated,3.2,3.1
40,Commercial,NSW,Construction,5880234.7,867015.61,9.84,2.29,27,Revolving Credit,6898983.09,4384563.06,2514420.03,0.7358,6234613.01,Senior Secured,1,GSR Only,3018880.46,0.4842,2021-07-11,90 DPD,0.0697,Workout,22,0.766471,2.68,Medium,3.3,3.1
41,Commercial,TAS,Professional Services,17046354.34,3674116.66,1.52,22.54,39,Term Loan,2506884.81,2186218.41,320666.4,1.0,2506884.81,Senior Secured,0,PPSR - Mixed,2523405.41,1.0066,2023-11-14,Receivership,0.0599,Voluntary Administration,19,0.803774,2.18,Medium,2.3,4.3
42,Commercial,VIC,Manufacturing,2082249.93,460550.81,10.93,2.79,23,Term Loan,2202098.54,2109036.98,93061.56,1.0,2202098.54,Senior Unsecured,1,Property,2027398.71,0.9207,2023-01-09,Covenant Breach,0.0633,Receivership,27,0.326163,3.5,Elevated,3.2,3.1
43,Commercial,WA,Agriculture,5316082.42,797067.4,2.91,15.44,6,Revolving Credit,1220125.0,979089.78,241035.22,0.5005,1099726.68,Senior Secured,1,Property,1338155.89,1.2168,2021-08-30,90 DPD,0.0516,Workout,13,0.140067,3.5,Elevated,2.9,3.6
44,Commercial,QLD,Retail Trade,2403042.55,549859.77,6.6,3.56,3,Overdraft,2773715.32,1565984.21,1207731.11,0.9304,2689687.55,Senior Secured,0,PPSR - Mixed,2877887.77,1.07,2019-10-28,Covenant Breach,0.0676,Receivership,29,0.682379,3.23,Elevated,3.1,3.2
45,Commercial,QLD,Mining,4441835.58,648616.42,9.01,2.77,23,Term Loan,3408434.45,3369368.17,39066.28,1.0,3408434.45,Senior Secured,1,PPSR - Mixed,1848514.53,0.5423,2018-09-04,90 DPD,0.0555,Write-off,23,0.867524,3.5,Elevated,3.5,2.9
46,Commercial,NSW,Agriculture,2446357.79,207448.37,88.97,0.24,39,Revolving Credit,11671111.07,10889805.01,781306.06,0.6217,11375570.81,Senior Secured,0,PPSR - Receivables,7732673.37,0.6798,2022-07-24,Receivership,0.0695,Voluntary Administration,27,0.875217,3.5,Elevated,2.9,3.6
47,Commercial,SA,Retail Trade,4026382.16,313007.14,50.06,0.42,23,Term Loan,10879544.44,10051741.92,827802.52,1.0,10879544.44,Senior Secured,1,PPSR - P&E,4488447.66,0.4126,2019-12-06,Voluntary Administration,0.0684,Voluntary Administration,25,0.959147,3.23,Elevated,3.1,3.2
48,Commercial,NSW,Agriculture,8633005.85,2014197.68,11.04,1.72,36,Term Loan,14829113.6,13707922.93,1121190.66,1.0,14829113.6,Senior Unsecured,1,Property,11158944.26,0.7525,2023-05-24,90 DPD,0.0546,Workout,12,0.439531,3.5,Elevated,2.9,3.6
49,Commercial,VIC,Professional Services,1375002.48,118714.35,90.37,0.29,11,Term Loan,5765371.69,5164852.87,600518.82,1.0,5765371.69,Senior Unsecured,1,PPSR - Receivables,5704185.35,0.9894,2018-01-01,90 DPD,0.0546,Receivership,14,0.448488,2.18,Medium,2.3,4.3
50,Commercial,NT,Manufacturing,1867565.92,305477.97,3.45,10.24,14,Term Loan,540018.67,491699.83,48318.84,1.0,540018.67,Senior Secured,1,Property,743298.81,1.3764,2023-06-20,90 DPD,0.0661,Receivership,20,0.044811,3.5,Elevated,3.2,3.1
51,Commercial,QLD,Transport,3676817.7,331693.87,54.32,0.8,37,Revolving Credit,10874128.32,6428692.92,4445435.4,0.5903,9052942.38,Senior Secured,1,Property,6408212.34,0.7079,2024-02-18,Voluntary Administration,0.0523,Receivership,23,0.435038,2.14,Medium,2.6,3.8
52,Commercial,VIC,Retail Trade,8319353.03,992626.51,21.36,1.39,11,Term Loan,10101708.04,10035868.5,65839.54,1.0,10101708.04,Senior Unsecured,1,PPSR - Receivables,10259758.19,1.0156,2024-03-22,Covenant Breach,0.0664,Workout,26,0.396431,3.23,Elevated,3.1,3.2
53,Commercial,VIC,Mining,20668803.33,1467537.29,13.43,2.14,8,Term Loan,10242609.16,9996406.86,246202.31,1.0,10242609.16,Senior Secured,1,Property,10628678.42,1.0377,2018-05-28,Receivership,0.053,Voluntary Administration,35,0.213877,3.5,Elevated,3.5,2.9
54,Commercial,VIC,Accommodation & Food,3749424.05,192675.17,74.02,0.42,9,Revolving Credit,11167960.84,9900675.63,1267285.2,0.5377,10582082.53,Senior Secured,0,Property,13807838.02,1.3048,2023-05-28,90 DPD,0.0515,Workout,18,0.162185,2.68,Medium,2.7,3.7
55,Commercial,QLD,Manufacturing,4843414.35,645722.35,34.46,1.51,36,Overdraft,10338533.5,9297383.25,1041150.26,0.8677,10200745.45,Senior Secured,0,PPSR - P&E,10615015.64,1.0406,2019-04-23,90 DPD,0.063,Voluntary Administration,25,0.535902,3.5,Elevated,3.2,3.1
56,Commercial,VIC,Professional Services,3497661.22,626041.57,9.99,2.74,9,Revolving Credit,3692408.44,3403153.99,289254.44,0.7192,3611189.02,Senior Secured,0,GSR Only,880669.98,0.2439,2020-05-21,90 DPD,0.0684,Receivership,16,1.050608,2.18,Medium,2.3,4.3
57,Commercial,QLD,Manufacturing,3119064.79,560225.03,12.21,1.33,2,Term Loan,6139107.48,5948916.02,190191.46,1.0,6139107.48,Senior Secured,1,GSR Only,1291417.24,0.2104,2018-06-30,Receivership,0.0533,Workout,18,0.837916,3.5,Elevated,3.2,3.1
58,Commercial,QLD,Retail Trade,5665100.21,366259.8,55.99,0.53,37,Overdraft,14426616.87,10800863.57,3625753.3,0.9792,14351074.59,Senior Secured,1,Property,16542495.41,1.1527,2024-01-10,90 DPD,0.0575,Voluntary Administration,15,0.105327,3.23,Elevated,3.1,3.2
59,Commercial,QLD,Retail Trade,3463437.99,578445.93,37.7,0.81,16,Term Loan,11186267.93,9664910.66,1521357.28,1.0,11186267.93,Senior Secured,0,Property,15468038.72,1.3828,2022-10-31,Receivership,0.0598,Workout,33,0.0,3.23,Elevated,3.1,3.2
60,Commercial,VIC,Construction,9504956.67,544165.55,28.22,0.47,10,Term Loan,14468667.41,13252535.66,1216131.75,1.0,14468667.41,Senior Secured,1,PPSR - P&E,9046024.21,0.6252,2024-03-19,Receivership,0.0646,Voluntary Administration,30,0.781512,2.68,Medium,3.3,3.1
61,Commercial,NSW,Wholesale Trade,4288228.38,874003.7,35.13,1.26,21,Overdraft,13833382.1,11047619.51,2785762.59,0.9233,13619790.52,Senior Secured,1,PPSR - Mixed,12153219.4,0.8923,2023-07-13,Voluntary Administration,0.0543,Voluntary Administration,31,0.583283,3.23,Elevated,3.5,2.9
62,Commercial,NSW,Agriculture,8229564.03,562061.01,35.28,0.8,13,Term Loan,11726041.35,10315881.64,1410159.71,1.0,11726041.35,Senior Secured,1,GSR Only,6014003.39,0.5129,2020-06-10,90 DPD,0.0502,Workout,24,0.785958,3.5,Elevated,2.9,3.6
63,Commercial,WA,Health Care,11962616.64,2174424.97,13.15,2.38,3,Term Loan,13504553.05,11478884.26,2025668.79,1.0,13504553.05,Senior Secured,0,PPSR - Mixed,14800110.08,1.0959,2024-02-02,Voluntary Administration,0.052,Write-off,12,0.60028,2.22,Medium,2.1,4.5
64,Commercial,NSW,Professional Services,9156255.75,2071101.11,5.76,6.87,2,Revolving Credit,7048985.54,4684681.25,2364304.29,0.6094,6125422.56,Senior Secured,1,Property,7352285.81,1.2003,2018-08-10,Covenant Breach,0.0689,Receivership,26,0.119523,2.18,Medium,2.3,4.3
65,Commercial,QLD,Health Care,2784528.23,406676.56,6.76,5.98,10,Term Loan,1420445.81,1222607.96,197837.85,1.0,1420445.81,Senior Secured,0,Property,1619899.23,1.1404,2021-03-04,90 DPD,0.0513,Write-off,23,0.239859,2.22,Medium,2.1,4.5
66,Commercial,NSW,Retail Trade,7210522.16,1697613.32,12.47,2.09,29,Revolving Credit,11838750.9,6232227.38,5606523.52,0.7227,10283791.52,Senior Unsecured,1,PPSR - Receivables,7583799.81,0.7375,2020-02-22,Covenant Breach,0.0503,Workout,29,0.59617,3.23,Elevated,3.1,3.2
67,Commercial,NSW,Agriculture,8883874.97,512508.17,7.04,3.55,25,Overdraft,2092418.38,1431654.39,660763.99,0.9368,2050683.45,Senior Secured,0,PPSR - Mixed,2178006.37,1.0621,2019-01-17,90 DPD,0.063,Workout,32,0.571248,3.5,Elevated,2.9,3.6
68,Commercial,VIC,Agriculture,4315067.5,661011.17,1.58,20.96,17,Term Loan,429907.24,396791.84,33115.4,1.0,429907.24,Senior Secured,1,Property,503233.34,1.1706,2019-03-22,90 DPD,0.063,Workout,35,0.227299,3.5,Elevated,2.9,3.6
69,Commercial,NSW,Agriculture,16616352.52,1423380.48,7.82,3.11,10,Revolving Credit,7768072.95,5376357.5,2391715.45,0.5283,6639881.35,Senior Unsecured,0,PPSR - P&E,6282850.15,0.9462,2021-12-29,Receivership,0.0569,Receivership,13,0.55878,3.5,Elevated,2.9,3.6
70,Commercial,NSW,Manufacturing,4482227.53,437492.97,32.48,0.52,3,Term Loan,13885614.54,12839438.5,1046176.04,1.0,13885614.54,Senior Secured,1,GSR Only,8174678.25,0.5887,2018-01-20,Covenant Breach,0.0677,Voluntary Administration,17,0.799263,3.5,Elevated,3.2,3.1
71,Commercial,QLD,Manufacturing,3326530.08,718631.74,0.5,46.74,10,Term Loan,274051.64,261868.73,12182.9,1.0,274051.64,Senior Secured,1,PPSR - Receivables,245013.24,0.894,2018-03-13,Covenant Breach,0.0551,Voluntary Administration,35,0.539353,3.5,Elevated,3.2,3.1
72,Commercial,NSW,Accommodation & Food,3074667.12,570456.78,54.81,0.51,12,Term Loan,14781722.58,12298468.73,2483253.85,1.0,14781722.58,Senior Secured,0,PPSR - Mixed,9253660.97,0.626,2020-06-12,Voluntary Administration,0.0682,Receivership,15,0.82313,2.68,Medium,2.7,3.7
73,Commercial,QLD,Professional Services,6337440.12,1339263.17,0.68,40.33,18,Overdraft,548437.75,503876.96,44560.8,0.9636,546817.51,Senior Secured,0,Property,622789.26,1.1389,2021-10-07,90 DPD,0.0661,Workout,31,0.305536,2.18,Medium,2.3,4.3
74,Commercial,QLD,Agriculture,9031572.79,1814377.76,2.25,10.93,19,Revolving Credit,2487883.35,2015488.47,472394.88,0.599,2298430.69,Senior Secured,0,Property,2476714.2,1.0776,2018-12-25,Covenant Breach,0.0531,Workout,27,0.399888,3.5,Elevated,2.9,3.6
75,Commercial,QLD,Transport,4290561.72,248982.46,52.45,0.8,28,Revolving Credit,6642322.19,4091579.32,2550742.88,0.5237,5427291.77,Senior Secured,1,PPSR - Receivables,2972096.17,0.5476,2020-02-11,90 DPD,0.0672,Voluntary Administration,17,0.829232,2.14,Medium,2.6,3.8
76,Commercial,NSW,Wholesale Trade,11611185.54,1931934.72,5.54,4.56,2,Term Loan,6534993.64,6308472.34,226521.3,1.0,6534993.64,Senior Secured,0,Property,7602960.13,1.1634,2020-01-02,90 DPD,0.0625,Workout,16,0.109869,3.23,Elevated,3.5,2.9
77,Commercial,TAS,Professional Services,23986875.45,1946861.46,5.75,5.7,33,Revolving Credit,7509573.16,3945074.61,3564498.55,0.6459,6247223.06,Senior Unsecured,1,PPSR - Receivables,4219009.06,0.6753,2019-06-23,90 DPD,0.0685,Receivership,21,0.725209,2.18,Medium,2.3,4.3
78,Commercial,VIC,Construction,2635124.5,607279.56,6.54,2.77,39,Revolving Credit,3301142.92,2307292.07,993850.85,0.6831,2986188.18,Senior Secured,1,PPSR - Receivables,1288744.74,0.4316,2019-06-11,Voluntary Administration,0.0563,Workout,25,0.814954,2.68,Medium,3.3,3.1
79,Commercial,SA,Manufacturing,8769599.03,1401157.55,9.33,2.41,9,Term Loan,12862696.35,11554753.24,1307943.11,1.0,12862696.35,Senior Secured,0,PPSR - P&E,13009249.39,1.0114,2022-08-22,Receivership,0.0698,Write-off,24,0.572315,3.5,Elevated,3.2,3.1
80,Commercial,NSW,Professional Services,15724726.06,3403784.49,6.67,6.5,16,Term Loan,10777513.85,9785653.42,991860.43,1.0,10777513.85,Senior Secured,1,PPSR - Receivables,11656596.27,1.0816,2019-12-31,Voluntary Administration,0.0605,Voluntary Administration,22,0.473886,2.18,Medium,2.3,4.3
81,Commercial,QLD,Retail Trade,3248897.5,477690.9,22.76,0.9,30,Revolving Credit,8838283.94,5934212.03,2904071.91,0.5117,7420134.83,Senior Secured,0,PPSR - Mixed,4058924.38,0.547,2018-01-16,90 DPD,0.0645,Workout,13,0.794776,3.23,Elevated,3.1,3.2
82,Commercial,ACT,Retail Trade,1877605.87,219246.71,100.93,0.28,23,Term Loan,11424558.0,11212213.19,212344.81,1.0,11424558.0,Senior Secured,0,Property,14858606.84,1.3006,2022-09-19,90 DPD,0.0573,Voluntary Administration,24,0.120309,3.23,Elevated,3.1,3.2
83,Commercial,NT,Agriculture,8135533.56,1011727.15,16.7,2.28,29,Term Loan,9216696.19,8987091.92,229604.27,1.0,9216696.19,Senior Secured,0,Property,10988008.51,1.1922,2021-04-17,Covenant Breach,0.0634,Workout,28,0.198867,3.5,Elevated,2.9,3.6
84,Commercial,NSW,Retail Trade,7032267.4,415257.24,16.84,1.17,13,Revolving Credit,5856546.06,5497607.5,358938.57,0.7049,5750620.99,Senior Secured,1,PPSR - Receivables,4914455.02,0.8546,2024-02-11,90 DPD,0.0632,Write-off,27,0.496081,3.23,Elevated,3.1,3.2
85,Commercial,VIC,Manufacturing,2963860.2,476434.36,7.27,2.58,7,Revolving Credit,2994062.63,1633853.35,1360209.28,0.6201,2477372.31,Senior Secured,1,Property,3268060.74,1.3192,2020-03-11,Receivership,0.0638,Receivership,15,0.033485,3.5,Elevated,3.2,3.1
86,Commercial,NSW,Retail Trade,7745061.65,805969.45,21.63,1.37,18,Term Loan,14430876.36,12087851.15,2343025.2,1.0,14430876.36,Senior Secured,0,Property,15398258.61,1.067,2023-07-09,Voluntary Administration,0.0672,Receivership,23,0.301055,3.23,Elevated,3.1,3.2
87,Commercial,NSW,Manufacturing,6685965.08,1407326.39,10.73,3.14,33,Term Loan,8345696.61,8281261.75,64434.86,1.0,8345696.61,Senior Unsecured,1,PPSR - Receivables,6541764.02,0.7838,2023-08-10,Voluntary Administration,0.0535,Receivership,16,0.638394,3.5,Elevated,3.2,3.1
88,Commercial,VIC,Professional Services,4437513.75,560747.02,38.66,1.01,39,Term Loan,9052004.32,7795001.15,1257003.17,1.0,9052004.32,Senior Secured,1,GSR Only,3840465.86,0.4243,2018-05-30,Voluntary Administration,0.055,Receivership,15,0.898251,2.18,Medium,2.3,4.3
89,Commercial,NSW,Health Care,8112999.95,1347080.54,15.25,1.85,39,Overdraft,10567337.38,6104124.09,4463213.3,0.9367,10284742.19,Senior Secured,1,GSR Only,3276980.37,0.3186,2022-07-19,Covenant Breach,0.0563,Workout,23,0.803073,2.22,Medium,2.1,4.5
90,Commercial,QLD,Accommodation & Food,4043958.28,503767.44,38.94,1.08,29,Term Loan,8840665.31,8265343.77,575321.54,1.0,8840665.31,Senior Secured,1,PPSR - P&E,7200111.83,0.8144,2022-05-20,90 DPD,0.0693,Workout,17,0.625405,2.68,Medium,2.7,3.7
91,Commercial,WA,Construction,7956752.64,1759442.93,14.17,3.36,13,Term Loan,12403798.89,11493372.99,910425.89,1.0,12403798.89,Senior Unsecured,0,Property,12951461.57,1.0442,2019-09-23,Voluntary Administration,0.0686,Workout,30,0.240325,2.68,Medium,3.3,3.1
92,Commercial,SA,Manufacturing,679463.09,62748.16,145.49,0.21,22,Term Loan,5167244.27,4324047.39,843196.88,1.0,5167244.27,Senior Secured,1,GSR Only,2246501.76,0.4348,2018-06-26,Voluntary Administration,0.0628,Voluntary Administration,26,0.847099,3.5,Elevated,3.2,3.1
93,Commercial,TAS,Transport,3513667.55,641724.63,14.23,2.63,6,Revolving Credit,4646637.36,4288697.46,357939.91,0.729,4549620.67,Senior Secured,1,Property,4284644.8,0.9418,2020-02-16,90 DPD,0.0654,Workout,29,0.19416,2.14,Medium,2.6,3.8
94,Commercial,QLD,Mining,5304127.73,411173.49,39.84,0.48,17,Revolving Credit,14173642.71,12431715.46,1741927.26,0.5428,13377317.38,Senior Secured,1,PPSR - Mixed,10561796.91,0.7895,2019-12-03,Voluntary Administration,0.0597,Receivership,33,0.737654,3.5,Elevated,3.5,2.9
95,Commercial,NSW,Accommodation & Food,2016342.48,344618.24,35.38,0.8,16,Revolving Credit,7172152.74,6484898.62,687254.12,0.6128,6906018.19,Senior Secured,1,PPSR - Mixed,3460110.33,0.501,2021-05-01,Voluntary Administration,0.0653,Receivership,35,0.730832,2.68,Medium,2.7,3.7
96,Commercial,VIC,Accommodation & Food,4110728.9,382584.42,29.69,1.16,16,Term Loan,6684756.84,5954628.55,730128.29,1.0,6684756.84,Senior Unsecured,1,PPSR - Mixed,4987797.68,0.7461,2023-04-25,Covenant Breach,0.0684,Receivership,35,0.809794,2.68,Medium,2.7,3.7
97,Commercial,SA,Retail Trade,3086801.75,339096.8,73.09,0.49,38,Overdraft,12492055.38,8051375.81,4440679.56,0.7798,11514162.7,Senior Secured,0,PPSR - Mixed,9745748.66,0.8464,2018-03-25,Covenant Breach,0.053,Receivership,30,0.827055,3.23,Elevated,3.1,3.2
98,Commercial,NSW,Manufacturing,5203616.7,669528.67,22.19,0.97,10,Revolving Credit,10252221.35,7532652.54,2719568.81,0.6409,9275680.43,Senior Secured,0,Property,9876380.89,1.0648,2023-06-29,Covenant Breach,0.0536,Workout,31,0.313843,3.5,Elevated,3.2,3.1
99,Commercial,VIC,Manufacturing,1770416.13,404715.53,51.63,0.44,34,Revolving Credit,13126829.16,7026458.94,6100370.22,0.7321,11492655.46,Senior Secured,1,PPSR - Mixed,11110194.85,0.9667,2020-12-14,90 DPD,0.0602,Workout,32,0.413711,3.5,Elevated,3.2,3.1
100,Commercial,QLD,Wholesale Trade,1751299.78,340416.5,2.54,7.48,24,Revolving Credit,641964.92,527825.26,114139.66,0.5769,593676.74,Senior Secured,1,Property,762226.28,1.2839,2023-04-20,Voluntary Administration,0.0691,Voluntary Administration,13,0.0,3.23,Elevated,3.5,2.9
101,Commercial,NSW,Manufacturing,2042068.34,474760.01,31.14,0.47,19,Term Loan,13874542.91,12323284.86,1551258.05,1.0,13874542.91,Senior Secured,1,PPSR - P&E,10099872.83,0.7279,2021-10-10,Voluntary Administration,0.0562,Voluntary Administration,23,0.778356,3.5,Elevated,3.2,3.1
102,Commercial,VIC,Health Care,2236038.07,274399.5,27.13,1.25,28,Revolving Credit,5585766.76,4326691.09,1259075.67,0.627,5116073.77,Senior Secured,1,Property,4779229.91,0.9342,2019-03-14,Covenant Breach,0.0643,Voluntary Administration,26,0.227263,2.22,Medium,2.1,4.5
103,Commercial,NSW,Accommodation & Food,2010893.31,344726.61,56.34,0.57,19,Revolving Credit,13637306.14,8877938.69,4759367.45,0.6191,11824407.64,Senior Secured,0,PPSR - Mixed,9702248.54,0.8205,2024-04-05,Covenant Breach,0.0504,Voluntary Administration,25,0.752602,2.68,Medium,2.7,3.7
104,Commercial,NSW,Transport,4678535.39,856300.03,33.36,0.97,26,Term Loan,12131317.83,10350254.48,1781063.35,1.0,12131317.83,Senior Secured,0,Property,10403028.44,0.8575,2021-05-07,90 DPD,0.0662,Receivership,22,0.463666,2.14,Medium,2.6,3.8
105,Commercial,QLD,Mining,22331284.94,2858601.18,3.0,12.61,29,Term Loan,3631127.1,3522081.0,109046.1,1.0,3631127.1,Senior Secured,1,PPSR - Receivables,3955809.97,1.0894,2019-10-21,90 DPD,0.0519,Receivership,29,0.648595,3.5,Elevated,3.5,2.9
106,Commercial,QLD,Mining,9924505.7,1375710.89,1.4,14.25,13,Revolving Credit,1615095.46,1179460.2,435635.26,0.7359,1500062.94,Senior Secured,1,PPSR - Mixed,628079.95,0.4187,2021-10-10,Covenant Breach,0.0688,Workout,19,0.802384,3.5,Elevated,3.5,2.9
107,Commercial,TAS,Health Care,1381807.23,130652.2,96.58,0.26,39,Term Loan,6942144.49,5631181.32,1310963.17,1.0,6942144.49,Senior Unsecured,1,PPSR - P&E,7513170.84,1.0823,2023-07-16,Voluntary Administration,0.0622,Receivership,34,0.618737,2.22,Medium,2.1,4.5
108,Commercial,QLD,Manufacturing,13707574.14,1658529.03,0.73,26.11,20,Term Loan,1049370.34,932382.91,116987.43,1.0,1049370.34,Senior Secured,1,Property,1163982.43,1.1092,2021-07-05,Voluntary Administration,0.0699,Voluntary Administration,30,0.368045,3.5,Elevated,3.2,3.1
109,Commercial,NSW,Retail Trade,8507033.74,1061602.3,12.51,1.85,16,Revolving Credit,12123937.84,6365473.12,5758464.73,0.5919,9773895.69,Senior Secured,1,Property,7457841.68,0.763,2020-02-02,Covenant Breach,0.0689,Receivership,31,0.444264,3.23,Elevated,3.1,3.2
110,Commercial,SA,Construction,4559966.26,968416.74,15.78,1.77,3,Term Loan,11421293.27,10292398.27,1128895.0,1.0,11421293.27,Senior Secured,0,PPSR - P&E,6727124.62,0.589,2020-02-29,Receivership,0.0614,Workout,34,0.842645,2.68,Medium,3.3,3.1
111,Commercial,VIC,Construction,2051607.0,425553.15,8.41,5.77,4,Overdraft,1890652.1,1221178.18,669473.93,0.8661,1801017.91,Senior Secured,1,Property,1589919.28,0.8828,2018-07-27,90 DPD,0.0688,Receivership,26,0.311229,2.68,Medium,3.3,3.1
112,Commercial,WA,Agriculture,18180190.42,1162385.3,13.36,1.07,10,Term Loan,13869581.14,11145805.4,2723775.74,1.0,13869581.14,Senior Secured,1,PPSR - Mixed,10520245.66,0.7585,2018-05-28,Covenant Breach,0.056,Workout,12,0.763312,3.5,Elevated,2.9,3.6
113,Commercial,SA,Health Care,2300802.67,435331.0,14.13,2.28,6,Overdraft,3530399.29,1993551.45,1536847.84,0.9971,3525993.84,Senior Unsecured,1,Property,3603512.71,1.022,2022-12-05,90 DPD,0.0627,Workout,13,0.138016,2.22,Medium,2.1,4.5
114,Commercial,WA,Retail Trade,3830445.85,421397.98,31.05,0.72,29,Revolving Credit,12575543.8,8155947.35,4419596.45,0.6724,11127857.2,Senior Secured,0,PPSR - Receivables,10877736.17,0.9775,2019-01-22,Voluntary Administration,0.0528,Workout,20,0.653053,3.23,Elevated,3.1,3.2
115,Commercial,VIC,Retail Trade,19170372.16,1396279.91,8.81,2.75,20,Term Loan,6999725.58,6886807.39,112918.18,1.0,6999725.58,Senior Secured,0,Property,8584662.79,1.2264,2023-11-28,Voluntary Administration,0.063,Write-off,13,0.078175,3.23,Elevated,3.1,3.2
116,Commercial,QLD,Accommodation & Food,6453297.97,1300769.38,0.68,50.31,18,Term Loan,579547.9,578156.27,1391.63,1.0,579547.9,Senior Secured,0,Property,712624.59,1.2296,2020-09-21,90 DPD,0.0504,Voluntary Administration,26,0.231959,2.68,Medium,2.7,3.7
117,Commercial,VIC,Retail Trade,8951171.88,1408203.89,2.5,9.04,31,Revolving Credit,3722010.31,2877337.36,844672.95,0.6568,3432155.19,Senior Secured,0,PPSR - Mixed,1744322.36,0.5082,2020-08-06,Voluntary Administration,0.0542,Voluntary Administration,35,0.952754,3.23,Elevated,3.1,3.2
118,Commercial,QLD,Health Care,5006207.07,923563.52,3.77,7.93,28,Term Loan,2851953.75,2437910.88,414042.88,1.0,2851953.75,Senior Secured,0,PPSR - Mixed,2918857.34,1.0235,2024-06-03,Voluntary Administration,0.0545,Receivership,27,0.617033,2.22,Medium,2.1,4.5
119,Commercial,VIC,Agriculture,4423008.99,550325.51,5.39,7.92,5,Term Loan,1530614.3,1350671.29,179943.01,1.0,1530614.3,Senior Secured,1,PPSR - Mixed,672797.73,0.4396,2019-02-27,Covenant Breach,0.0693,Write-off,12,0.762902,3.5,Elevated,2.9,3.6
120,Commercial,NSW,Accommodation & Food,5545343.24,699729.07,27.05,1.7,12,Overdraft,10659500.0,5952452.41,4707047.59,0.9058,10216047.03,Senior Secured,1,Property,12769059.8,1.2499,2022-12-05,90 DPD,0.065,Workout,13,0.102891,2.68,Medium,2.7,3.7
121,Commercial,QLD,Retail Trade,14622817.43,2919161.97,0.87,22.31,24,Term Loan,1759339.21,1665179.92,94159.29,1.0,1759339.21,Senior Secured,0,GSR Only,659774.16,0.375,2023-08-08,Receivership,0.0609,Receivership,32,0.988922,3.23,Elevated,3.1,3.2
122,Commercial,NSW,Retail Trade,5170293.52,574804.22,18.15,1.29,32,Overdraft,6623788.01,4872969.49,1750818.52,0.7779,6234902.21,Senior Unsecured,1,GSR Only,2818005.54,0.452,2022-05-23,Receivership,0.0559,Voluntary Administration,27,0.870994,3.23,Elevated,3.1,3.2
123,Commercial,QLD,Professional Services,8517713.06,1263130.12,16.47,2.99,22,Revolving Credit,10428600.36,6215393.81,4213206.54,0.6069,8772252.04,Senior Unsecured,1,GSR Only,4190194.77,0.4777,2020-10-24,90 DPD,0.0503,Write-off,33,0.815713,2.18,Medium,2.3,4.3
124,Commercial,NSW,Retail Trade,1799754.21,360726.9,50.88,0.4,6,Overdraft,13846807.1,8104513.17,5742293.93,0.8387,12920297.87,Senior Unsecured,1,PPSR - P&E,8379826.15,0.6486,2021-09-13,Voluntary Administration,0.0592,Workout,24,0.669074,3.23,Elevated,3.1,3.2
125,Commercial,NSW,Professional Services,7651163.74,718054.79,4.47,5.46,27,Overdraft,2335218.09,2007419.12,327798.97,0.9768,2327620.96,Senior Secured,1,GSR Only,1285630.27,0.5523,2019-01-08,Voluntary Administration,0.0573,Workout,12,0.829004,2.18,Medium,2.3,4.3
126,Commercial,VIC,Accommodation & Food,6706355.93,1582438.23,7.76,2.96,36,Overdraft,11526263.0,8219429.07,3306833.93,0.9858,11479284.43,Senior Secured,0,PPSR - P&E,9170167.51,0.7988,2022-11-03,90 DPD,0.0646,Workout,30,0.669605,2.68,Medium,2.7,3.7
127,Commercial,ACT,Mining,5574943.7,1190446.57,8.13,2.07,4,Term Loan,8950859.29,7778259.0,1172600.29,1.0,8950859.29,Senior Secured,1,GSR Only,4769117.42,0.5328,2021-11-26,Receivership,0.0543,Workout,31,0.782371,3.5,Elevated,3.5,2.9
128,Commercial,QLD,Retail Trade,13130294.25,1300119.8,13.28,2.18,34,Term Loan,12530593.88,11811331.36,719262.53,1.0,12530593.88,Senior Secured,1,PPSR - Mixed,6355458.9,0.5072,2023-09-21,Voluntary Administration,0.0691,Voluntary Administration,27,0.65015,3.23,Elevated,3.1,3.2
129,Commercial,VIC,Wholesale Trade,16803647.53,2119019.02,9.23,2.81,30,Overdraft,13338598.66,10499870.0,2838728.67,0.77,12685566.1,Senior Unsecured,1,PPSR - Mixed,11936492.92,0.941,2022-12-28,Covenant Breach,0.0672,Voluntary Administration,27,0.484512,3.23,Elevated,3.5,2.9
130,Commercial,NSW,Wholesale Trade,11734360.66,1988845.97,7.93,2.81,7,Overdraft,9914101.22,5589277.93,4324823.28,0.9484,9691075.59,Senior Secured,1,PPSR - Receivables,4298290.8,0.4435,2019-05-13,Covenant Breach,0.0615,Receivership,21,0.729207,3.23,Elevated,3.5,2.9
131,Commercial,NSW,Transport,5733541.14,1291070.96,9.39,2.92,19,Revolving Credit,6996024.78,6490416.34,505608.44,0.6398,6813905.3,Senior Secured,1,PPSR - Mixed,5360224.02,0.7867,2023-10-18,Covenant Breach,0.0625,Receivership,13,0.456327,2.14,Medium,2.6,3.8
132,Commercial,QLD,Retail Trade,6110914.5,650686.93,26.77,1.66,35,Term Loan,8255671.32,7801743.42,453927.9,1.0,8255671.32,Senior Secured,1,PPSR - Mixed,4263479.36,0.5164,2024-02-11,Covenant Breach,0.0615,Voluntary Administration,35,0.81976,3.23,Elevated,3.1,3.2
133,Commercial,SA,Wholesale Trade,6095918.48,721703.1,11.13,3.39,35,Revolving Credit,3524613.92,3255849.32,268764.6,0.5132,3393791.62,Senior Secured,0,PPSR - Mixed,3534139.4,1.0414,2023-01-08,Covenant Breach,0.0565,Receivership,30,0.587641,3.23,Elevated,3.5,2.9
134,Commercial,NSW,Health Care,10690124.76,2352752.58,1.08,26.31,9,Overdraft,1241225.07,1169686.45,71538.61,0.9591,1238302.45,Senior Secured,0,Property,1257472.34,1.0155,2021-11-23,90 DPD,0.062,Voluntary Administration,35,0.374165,2.22,Medium,2.1,4.5
135,Commercial,QLD,Transport,2270083.35,562196.95,7.35,5.0,36,Term Loan,1749097.62,1526679.92,222417.7,1.0,1749097.62,Senior Secured,1,Property,2077902.17,1.188,2023-04-11,Voluntary Administration,0.0691,Receivership,15,0.209206,2.14,Medium,2.6,3.8
136,Commercial,QLD,Professional Services,1379942.96,109019.33,182.45,0.16,35,Term Loan,11517365.7,9998410.34,1518955.36,1.0,11517365.7,Senior Secured,1,Property,15124196.64,1.3132,2021-06-15,90 DPD,0.0542,Receivership,32,0.0,2.18,Medium,2.3,4.3
137,Commercial,NSW,Health Care,12468121.1,2566181.34,3.02,6.78,4,Term Loan,4812184.94,3977576.43,834608.51,1.0,4812184.94,Senior Secured,1,Property,5293461.35,1.1,2023-07-27,90 DPD,0.0607,Workout,28,0.1653,2.22,Medium,2.1,4.5
138,Commercial,VIC,Retail Trade,1509195.7,248010.94,57.77,1.01,28,Term Loan,6099534.17,5045294.34,1054239.83,1.0,6099534.17,Senior Secured,1,PPSR - Receivables,4869293.23,0.7983,2019-06-13,Receivership,0.0539,Voluntary Administration,23,0.680681,3.23,Elevated,3.1,3.2
139,Commercial,WA,Agriculture,964057.86,150140.07,77.72,0.48,7,Revolving Credit,7661616.65,7188949.8,472666.86,0.5499,7448875.15,Senior Secured,1,Property,8224844.08,1.1042,2018-10-11,Receivership,0.063,Receivership,29,0.113307,3.5,Elevated,2.9,3.6
140,Commercial,QLD,Transport,16470142.38,2124613.49,6.45,3.22,15,Term Loan,9931956.75,8486935.37,1445021.38,1.0,9931956.75,Senior Secured,0,PPSR - Receivables,10060012.04,1.0129,2018-05-26,90 DPD,0.0524,Voluntary Administration,30,0.614216,2.14,Medium,2.6,3.8
141,Commercial,VIC,Construction,3088018.17,402346.66,39.79,0.67,24,Overdraft,9483118.46,5642890.11,3840228.35,0.9431,9264645.14,Senior Unsecured,1,Property,7292313.28,0.7871,2024-03-22,90 DPD,0.0663,Voluntary Administration,25,0.416043,2.68,Medium,3.3,3.1
142,Commercial,NSW,Manufacturing,1289407.03,252787.87,71.88,0.34,22,Overdraft,10804065.38,7501682.73,3302382.65,0.7505,9980201.29,Senior Secured,0,PPSR - Mixed,6012514.19,0.6024,2023-04-10,Voluntary Administration,0.0629,Workout,14,0.742986,3.5,Elevated,3.2,3.1
143,Commercial,VIC,Construction,12018282.82,1152665.23,14.69,2.72,38,Overdraft,9280933.78,7759035.03,1521898.75,0.9655,9228452.48,Senior Secured,1,GSR Only,3426523.79,0.3713,2019-01-05,90 DPD,0.0524,Write-off,25,0.844468,2.68,Medium,3.3,3.1
144,Commercial,VIC,Transport,4767741.63,545166.48,7.6,4.27,3,Revolving Credit,2027977.42,1668337.41,359640.01,0.7083,1923064.83,Senior Secured,1,Property,2119778.86,1.1023,2020-05-16,Voluntary Administration,0.0553,Voluntary Administration,34,0.118842,2.14,Medium,2.6,3.8
145,Commercial,NSW,Transport,3856702.38,927494.48,8.93,3.59,3,Revolving Credit,4348369.49,2821842.55,1526526.94,0.5719,3694894.14,Senior Secured,1,Property,4209153.1,1.1392,2018-03-20,Covenant Breach,0.0637,Workout,32,0.073034,2.14,Medium,2.6,3.8
146,Commercial,NSW,Transport,4270424.77,609839.97,0.78,18.59,30,Term Loan,425775.24,345400.02,80375.22,1.0,425775.24,Senior Secured,0,PPSR - P&E,285483.19,0.6705,2022-01-11,Voluntary Administration,0.0628,Voluntary Administration,29,0.758318,2.14,Medium,2.6,3.8
147,Commercial,VIC,Transport,4881994.97,1118488.48,10.22,2.3,21,Revolving Credit,12208361.68,8849644.91,3358716.76,0.678,11126781.24,Senior Secured,1,PPSR - Mixed,9207916.08,0.8275,2020-03-13,Voluntary Administration,0.0692,Workout,34,0.666033,2.14,Medium,2.6,3.8
148,Commercial,VIC,Health Care,6626482.18,1585752.14,17.2,2.52,13,Overdraft,12452381.94,11144704.98,1307676.96,0.9775,12423007.13,Senior Secured,1,PPSR - Mixed,8212205.5,0.661,2024-01-10,90 DPD,0.0542,Voluntary Administration,15,0.795211,2.22,Medium,2.1,4.5
149,Commercial,NSW,Agriculture,3190024.85,611053.69,7.0,2.45,30,Revolving Credit,4158376.52,3847347.5,311029.01,0.6736,4056855.8,Senior Unsecured,1,PPSR - P&E,2818766.46,0.6948,2021-07-03,Voluntary Administration,0.0521,Workout,36,0.816201,3.5,Elevated,2.9,3.6
150,Commercial,NSW,Wholesale Trade,5914456.36,530196.91,25.85,0.8,16,Revolving Credit,9474044.39,8331955.96,1142088.43,0.6196,9039612.33,Senior Secured,0,PPSR - Mixed,8132396.99,0.8996,2020-10-10,Receivership,0.0599,Workout,33,0.817074,3.23,Elevated,3.5,2.9
151,Commercial,WA,Agriculture,4977603.2,879895.64,13.94,2.04,17,Revolving Credit,10177604.26,5904776.09,4272828.16,0.6272,8584753.88,Senior Unsecured,1,Property,9684269.37,1.1281,2021-04-11,90 DPD,0.0611,Voluntary Administration,27,0.130427,3.5,Elevated,2.9,3.6
152,Commercial,VIC,Agriculture,728787.96,131696.2,143.51,0.14,26,Term Loan,11819426.82,11738599.04,80827.78,1.0,11819426.82,Senior Secured,0,Property,12210997.34,1.0331,2022-12-25,90 DPD,0.0669,Voluntary Administration,26,0.374527,3.5,Elevated,2.9,3.6
153,Commercial,WA,Wholesale Trade,1558957.26,87010.02,348.0,0.1,21,Overdraft,12747861.82,10482267.83,2265594.0,0.9781,12698291.83,Senior Unsecured,1,Property,10012471.54,0.7885,2021-11-17,Voluntary Administration,0.0545,Receivership,33,0.457439,3.23,Elevated,3.5,2.9
154,Commercial,NSW,Mining,2202153.39,416827.58,36.1,0.54,33,Term Loan,14054540.38,11907162.83,2147377.55,1.0,14054540.38,Senior Secured,1,PPSR - Mixed,10423931.19,0.7417,2018-03-04,Voluntary Administration,0.0599,Voluntary Administration,35,0.764665,3.5,Elevated,3.5,2.9
155,Commercial,NSW,Wholesale Trade,4161720.59,654022.98,5.13,9.61,6,Overdraft,1430414.54,1082762.09,347652.45,0.7848,1355603.85,Senior Secured,1,PPSR - P&E,1173153.89,0.8654,2022-08-16,Covenant Breach,0.0611,Receivership,28,0.813793,3.23,Elevated,3.5,2.9
156,Commercial,SA,Wholesale Trade,6986839.29,1271949.88,17.31,1.76,28,Revolving Credit,13423021.42,12705463.54,717557.87,0.6149,13146664.07,Senior Secured,1,PPSR - P&E,11053278.83,0.8408,2019-01-26,90 DPD,0.0666,Write-off,16,0.772118,3.23,Elevated,3.5,2.9
157,Commercial,QLD,Professional Services,21564484.41,4775054.16,4.42,6.49,19,Revolving Credit,12222388.95,10302295.45,1920093.5,0.6911,11629347.05,Senior Secured,1,PPSR - P&E,5299370.93,0.4557,2023-05-27,Receivership,0.0528,Workout,31,0.739926,2.18,Medium,2.3,4.3
158,Commercial,NT,Transport,1863686.95,301796.45,36.74,0.66,19,Revolving Credit,7154479.96,6570156.72,584323.24,0.6561,6953507.89,Senior Secured,0,PPSR - Mixed,5390574.75,0.7752,2021-06-22,90 DPD,0.0513,Voluntary Administration,27,0.840646,2.14,Medium,2.6,3.8
159,Commercial,VIC,Retail Trade,6183491.25,690372.04,11.26,1.74,22,Revolving Credit,8441722.4,4865109.06,3576613.34,0.6809,7300292.17,Senior Secured,1,PPSR - Receivables,7426160.79,1.0172,2024-05-11,Voluntary Administration,0.0618,Write-off,26,0.742143,3.23,Elevated,3.1,3.2
160,Commercial,NSW,Agriculture,7576243.86,836597.88,17.15,0.98,36,Term Loan,13802649.31,11798001.81,2004647.5,1.0,13802649.31,Senior Secured,1,PPSR - Mixed,13974223.29,1.0124,2022-04-20,Covenant Breach,0.0664,Voluntary Administration,32,0.70484,3.5,Elevated,2.9,3.6
161,Commercial,TAS,Health Care,11179144.76,1017677.74,29.6,0.99,4,Term Loan,12889448.27,11931827.68,957620.59,1.0,12889448.27,Senior Secured,1,PPSR - Mixed,8433035.83,0.6543,2020-12-11,90 DPD,0.0569,Receivership,29,0.723378,2.22,Medium,2.1,4.5
162,Commercial,NSW,Professional Services,4215235.84,513351.94,4.94,5.49,18,Term Loan,1428403.08,1401142.78,27260.3,1.0,1428403.08,Senior Secured,1,Property,1208961.68,0.8464,2018-03-18,Covenant Breach,0.0579,Receivership,27,0.438454,2.18,Medium,2.3,4.3
163,Commercial,VIC,Manufacturing,6449556.82,1087868.2,13.16,3.15,29,Overdraft,8145177.27,4397599.47,3747577.79,0.8713,7662997.42,Senior Secured,1,PPSR - Mixed,6822024.71,0.8903,2020-07-01,Receivership,0.0693,Voluntary Administration,18,0.836269,3.5,Elevated,3.2,3.1
164,Commercial,SA,Mining,6066715.73,1415865.42,11.01,1.63,3,Term Loan,12589122.31,10701707.3,1887415.01,1.0,12589122.31,Senior Unsecured,1,PPSR - Mixed,11594240.86,0.921,2020-10-09,90 DPD,0.0661,Workout,27,0.615414,3.5,Elevated,3.5,2.9
165,Commercial,NSW,Transport,8285450.91,473683.98,25.26,1.1,15,Term Loan,10719057.78,10359094.35,359963.44,1.0,10719057.78,Senior Secured,1,Property,10955000.68,1.022,2021-07-19,Receivership,0.0655,Receivership,36,0.268893,2.14,Medium,2.6,3.8
166,Commercial,VIC,Manufacturing,7839819.31,736239.53,26.41,1.59,29,Term Loan,11024211.92,9714155.53,1310056.39,1.0,11024211.92,Senior Secured,1,Property,10139704.33,0.9198,2018-01-07,90 DPD,0.0514,Workout,16,0.228933,3.5,Elevated,3.2,3.1
167,Commercial,SA,Transport,500000.0,41964.62,484.24,0.08,12,Term Loan,8654625.28,8025943.48,628681.8,1.0,8654625.28,Senior Secured,1,GSR Only,3005998.88,0.3473,2018-01-22,90 DPD,0.0613,Voluntary Administration,13,0.902426,2.14,Medium,2.6,3.8
168,Commercial,NSW,Agriculture,3989551.36,288396.25,53.2,1.13,22,Overdraft,6603392.39,4316321.62,2287070.78,0.8491,6258372.38,Senior Secured,1,Property,7047514.12,1.1261,2022-06-10,Covenant Breach,0.0504,Workout,33,0.214912,3.5,Elevated,2.9,3.6
169,Commercial,ACT,Professional Services,6197579.43,722711.88,22.57,1.37,15,Term Loan,10788808.53,10237964.56,550843.97,1.0,10788808.53,Senior Secured,0,Property,7556782.36,0.7004,2019-01-31,90 DPD,0.0547,Workout,24,0.527455,2.18,Medium,2.3,4.3
170,Commercial,NT,Health Care,1341795.85,189585.09,129.17,0.28,4,Term Loan,11448799.0,11332606.76,116192.23,1.0,11448799.0,Senior Secured,1,GSR Only,3757075.4,0.3282,2021-07-11,Voluntary Administration,0.0596,Workout,24,0.977838,2.22,Medium,2.1,4.5
171,Commercial,VIC,Manufacturing,15955868.5,2979587.97,7.21,3.52,30,Term Loan,12586122.99,12510150.28,75972.71,1.0,12586122.99,Senior Unsecured,1,Property,12367371.21,0.9826,2019-06-15,Voluntary Administration,0.0659,Receivership,21,0.198716,3.5,Elevated,3.2,3.1
172,Commercial,VIC,Transport,3624438.99,449992.47,14.17,2.0,3,Term Loan,5621553.39,5227640.67,393912.73,1.0,5621553.39,Senior Unsecured,1,PPSR - P&E,4743322.48,0.8438,2020-05-10,90 DPD,0.058,Write-off,19,0.665047,2.14,Medium,2.6,3.8
173,Commercial,ACT,Manufacturing,12207176.88,1973726.63,6.72,4.41,30,Revolving Credit,7469342.49,3784417.38,3684925.11,0.6769,6278739.05,Senior Secured,1,PPSR - Mixed,4472419.32,0.7123,2022-11-20,90 DPD,0.0653,Receivership,12,0.652789,3.5,Elevated,3.2,3.1
174,Commercial,NT,Health Care,2083571.76,339621.48,31.16,1.11,33,Term Loan,5400929.62,5190584.09,210345.53,1.0,5400929.62,Senior Secured,0,PPSR - Mixed,3137370.21,0.5809,2023-01-29,Covenant Breach,0.0658,Receivership,30,0.941996,2.22,Medium,2.1,4.5
175,Commercial,VIC,Retail Trade,4543620.37,376813.36,15.67,1.43,33,Term Loan,3313173.3,3178555.78,134617.52,1.0,3313173.3,Senior Secured,1,Property,3279517.64,0.9898,2018-11-08,Receivership,0.0527,Write-off,35,0.313991,3.23,Elevated,3.1,3.2
176,Commercial,NSW,Wholesale Trade,5216622.87,859012.84,2.28,20.5,18,Revolving Credit,900622.86,662930.79,237692.07,0.708,831209.62,Senior Secured,1,PPSR - Receivables,802863.68,0.9659,2020-01-08,Receivership,0.0627,Voluntary Administration,12,0.488919,3.23,Elevated,3.5,2.9
177,Commercial,VIC,Professional Services,3283018.33,681147.12,22.01,1.14,35,Overdraft,14732738.75,9862668.61,4870070.14,0.818,13846401.73,Senior Secured,1,PPSR - Mixed,10792264.36,0.7794,2021-10-03,Covenant Breach,0.0643,Workout,14,0.645374,2.18,Medium,2.3,4.3
178,Commercial,QLD,Construction,2598344.32,255645.77,41.77,0.81,21,Term Loan,4905831.0,4180097.63,725733.37,1.0,4905831.0,Senior Secured,1,PPSR - Mixed,3854641.57,0.7857,2019-05-23,Voluntary Administration,0.0584,Voluntary Administration,28,0.741526,2.68,Medium,3.3,3.1
179,Commercial,QLD,Professional Services,7166981.32,1126191.38,16.39,1.45,22,Term Loan,13655314.08,12333543.26,1321770.82,1.0,13655314.08,Senior Unsecured,1,PPSR - P&E,12889891.43,0.9439,2018-03-24,Covenant Breach,0.051,Write-off,34,0.727448,2.18,Medium,2.3,4.3
180,Commercial,QLD,Agriculture,6120781.35,1045783.34,12.94,3.14,13,Overdraft,6424780.42,5699071.33,725709.09,0.8542,6318953.42,Senior Unsecured,1,Property,5568166.3,0.8812,2021-06-27,90 DPD,0.0559,Voluntary Administration,23,0.446586,3.5,Elevated,2.9,3.6
181,Commercial,ACT,Health Care,3836889.72,957226.81,12.78,2.27,9,Revolving Credit,7883438.18,5293528.39,2589909.79,0.5241,6650938.76,Senior Secured,0,PPSR - Mixed,3395501.82,0.5105,2020-01-14,Covenant Breach,0.0613,Voluntary Administration,27,0.877107,2.22,Medium,2.1,4.5
182,Commercial,QLD,Professional Services,11532975.53,1713077.72,2.63,9.2,24,Term Loan,2418274.52,2067733.9,350540.61,1.0,2418274.52,Senior Secured,1,PPSR - P&E,1148425.13,0.4749,2023-12-14,90 DPD,0.0645,Write-off,26,0.833191,2.18,Medium,2.3,4.3
183,Commercial,NSW,Mining,7252492.0,861423.0,1.06,26.2,37,Term Loan,412586.27,365009.36,47576.91,1.0,412586.27,Senior Secured,1,PPSR - Receivables,202651.09,0.4912,2022-04-12,90 DPD,0.0503,Receivership,15,0.676857,3.5,Elevated,3.5,2.9
184,Commercial,QLD,Wholesale Trade,3716079.68,456766.72,15.6,1.12,28,Revolving Credit,7652292.59,5312493.61,2339798.98,0.7449,7055374.54,Senior Secured,1,PPSR - Receivables,6752435.22,0.9571,2020-07-07,90 DPD,0.0506,Workout,21,0.444656,3.23,Elevated,3.5,2.9
185,Commercial,NSW,Health Care,1530214.29,203662.75,50.56,0.48,7,Revolving Credit,9097854.25,5859098.81,3238755.44,0.5552,7657214.71,Senior Secured,1,Property,10479548.88,1.3686,2021-08-19,Covenant Breach,0.0674,Voluntary Administration,22,0.0,2.22,Medium,2.1,4.5
186,Commercial,WA,Agriculture,11037705.62,694261.05,2.66,8.07,18,Overdraft,1667333.36,967520.92,699812.44,0.9341,1621219.01,Senior Secured,1,PPSR - Mixed,1052895.9,0.6494,2022-05-01,Covenant Breach,0.055,Workout,33,0.645545,3.5,Elevated,2.9,3.6
187,Commercial,VIC,Wholesale Trade,5282015.16,956776.18,2.51,9.64,12,Overdraft,1533485.35,1067848.87,465636.47,0.7585,1421050.75,Senior Secured,1,GSR Only,531376.88,0.3739,2021-05-22,Covenant Breach,0.0555,Voluntary Administration,22,0.883512,3.23,Elevated,3.5,2.9
188,Commercial,VIC,Accommodation & Food,2430784.22,318326.59,46.99,0.36,18,Term Loan,12030868.03,9955691.73,2075176.3,1.0,12030868.03,Senior Secured,1,GSR Only,3981044.17,0.3309,2023-07-10,Receivership,0.0595,Workout,23,0.895786,2.68,Medium,2.7,3.7
189,Commercial,QLD,Accommodation & Food,1276004.71,165815.5,50.7,0.44,24,Term Loan,6285143.75,6119149.49,165994.26,1.0,6285143.75,Senior Secured,1,Property,4799141.71,0.7636,2021-10-01,Covenant Breach,0.0643,Workout,27,0.519238,2.68,Medium,2.7,3.7
190,Commercial,NSW,Retail Trade,18060298.09,1248457.94,2.69,10.8,38,Revolving Credit,2337406.78,1425644.97,911761.81,0.5369,1915180.94,Senior Secured,0,PPSR - Mixed,2094702.99,1.0937,2022-07-20,Receivership,0.0575,Receivership,12,0.641669,3.23,Elevated,3.1,3.2
191,Commercial,QLD,Agriculture,5772714.55,591404.23,25.08,0.52,39,Term Loan,14480653.22,13681646.89,799006.33,1.0,14480653.22,Senior Secured,1,PPSR - Receivables,9581903.57,0.6617,2019-10-09,Receivership,0.0589,Receivership,30,0.712467,3.5,Elevated,2.9,3.6
192,Commercial,NSW,Construction,2600539.53,297542.86,9.51,2.67,26,Overdraft,2441759.06,1604965.45,836793.6,0.9456,2396237.41,Senior Unsecured,1,GSR Only,880692.11,0.3675,2022-12-20,Receivership,0.066,Workout,14,0.882274,2.68,Medium,3.3,3.1
193,Commercial,WA,Agriculture,4050295.58,983896.2,6.81,2.72,15,Overdraft,6488456.47,5029339.16,1459117.3,0.9693,6443596.67,Senior Secured,1,Property,8985634.87,1.3945,2022-02-15,90 DPD,0.0553,Voluntary Administration,21,0.0,3.5,Elevated,2.9,3.6
194,Commercial,VIC,Professional Services,1094000.54,99474.78,114.77,0.41,23,Overdraft,5768962.4,4303472.56,1465489.85,0.8062,5484953.44,Senior Secured,1,Property,7600934.92,1.3858,2021-12-03,Covenant Breach,0.061,Receivership,25,0.0,2.18,Medium,2.3,4.3
195,Commercial,VIC,Health Care,10916990.41,2066063.71,11.37,2.69,8,Revolving Credit,11767435.28,10020438.85,1746996.43,0.5206,10929894.93,Senior Secured,0,GSR Only,2504935.9,0.2292,2021-06-29,90 DPD,0.0566,Receivership,21,1.044409,2.22,Medium,2.1,4.5
196,Commercial,WA,Construction,5805506.86,761011.21,11.71,2.61,37,Term Loan,3702177.41,3257386.34,444791.07,1.0,3702177.41,Senior Unsecured,1,PPSR - Receivables,3220118.71,0.8698,2022-10-09,Receivership,0.0675,Write-off,36,0.577764,2.68,Medium,3.3,3.1
197,Commercial,ACT,Transport,9706860.17,764225.07,5.97,5.56,17,Revolving Credit,3576411.16,1904745.15,1671666.01,0.5734,2863248.26,Senior Secured,0,GSR Only,1538566.14,0.5373,2021-03-31,Receivership,0.0574,Voluntary Administration,31,0.907105,2.14,Medium,2.6,3.8
198,Commercial,VIC,Retail Trade,1239832.12,72024.54,132.1,0.38,12,Term Loan,4534488.55,4431018.88,103469.67,1.0,4534488.55,Senior Secured,1,GSR Only,2150808.88,0.4743,2021-08-11,Voluntary Administration,0.0564,Voluntary Administration,33,0.928923,3.23,Elevated,3.1,3.2
199,Commercial,NSW,Agriculture,6505311.25,973933.95,21.27,1.75,10,Revolving Credit,13048889.62,11543460.94,1505428.68,0.7002,12597606.21,Senior Secured,1,Property,14528602.83,1.1533,2022-10-07,Covenant Breach,0.0684,Workout,22,0.055046,3.5,Elevated,2.9,3.6
200,Commercial,ACT,Construction,3693780.32,893764.19,15.06,2.3,5,Term Loan,5429985.18,4734850.82,695134.36,1.0,5429985.18,Senior Unsecured,1,PPSR - P&E,2265299.35,0.4172,2020-01-15,90 DPD,0.0604,Receivership,21,0.735139,2.68,Medium,3.3,3.1
201,Commercial,NT,Accommodation & Food,7703006.32,423815.51,31.99,0.91,36,Overdraft,8133064.2,4314488.82,3818575.38,0.8587,7593551.72,Senior Secured,1,PPSR - P&E,4594442.63,0.605,2022-11-30,Voluntary Administration,0.0561,Workout,14,0.621189,2.68,Medium,2.7,3.7
202,Commercial,SA,Agriculture,5359584.8,530122.79,50.06,0.84,29,Term Loan,11111643.23,10151211.46,960431.77,1.0,11111643.23,Senior Secured,1,GSR Only,5923027.65,0.533,2018-06-09,90 DPD,0.0689,Workout,16,0.755926,3.5,Elevated,2.9,3.6
203,Commercial,WA,Health Care,3834763.9,830555.08,11.1,2.05,31,Overdraft,5481477.14,2970975.88,2510501.25,0.9134,5264110.23,Senior Secured,1,Property,5269675.83,1.0011,2018-10-19,90 DPD,0.0656,Receivership,26,0.350291,2.22,Medium,2.1,4.5
204,Commercial,VIC,Retail Trade,2516804.45,344790.41,34.27,1.05,5,Term Loan,5588200.04,4948847.43,639352.61,1.0,5588200.04,Senior Secured,1,Property,6592274.94,1.1797,2021-07-21,Covenant Breach,0.0669,Receivership,27,0.138089,3.23,Elevated,3.1,3.2
205,Commercial,VIC,Construction,3331933.71,268964.26,28.05,0.95,29,Term Loan,4851799.05,4590442.81,261356.24,1.0,4851799.05,Senior Secured,1,Property,5056475.35,1.0422,2020-03-19,90 DPD,0.0695,Write-off,26,0.3559,2.68,Medium,3.3,3.1
206,Commercial,VIC,Construction,1678800.76,363660.06,29.46,0.9,28,Overdraft,7232447.31,5088006.31,2144441.0,0.9058,7030545.83,Senior Secured,0,PPSR - P&E,5452186.13,0.7755,2024-01-11,90 DPD,0.0641,Receivership,19,0.870746,2.68,Medium,3.3,3.1
207,Commercial,NSW,Manufacturing,4375794.36,354644.33,56.92,0.51,13,Overdraft,13946180.55,8302317.59,5643862.96,0.9672,13761040.18,Senior Unsecured,1,PPSR - Mixed,14778383.42,1.0739,2022-04-10,Voluntary Administration,0.0671,Voluntary Administration,12,0.553509,3.5,Elevated,3.2,3.1
208,Commercial,SA,Agriculture,23847222.08,4315857.01,3.1,7.48,5,Revolving Credit,9681066.46,7665370.99,2015695.48,0.6686,9013078.24,Senior Secured,0,PPSR - Receivables,4772068.18,0.5295,2024-06-27,Covenant Breach,0.0546,Voluntary Administration,35,0.934497,3.5,Elevated,2.9,3.6
209,Commercial,QLD,Construction,10020718.07,576702.61,15.51,1.44,26,Term Loan,6959413.65,6898556.05,60857.59,1.0,6959413.65,Senior Secured,1,GSR Only,3392465.42,0.4875,2023-05-05,90 DPD,0.0541,Receivership,17,0.892986,2.68,Medium,3.3,3.1
210,Commercial,NT,Manufacturing,10764197.54,806784.77,10.58,2.42,22,Revolving Credit,4869650.53,4327077.66,542572.87,0.6642,4687457.13,Senior Secured,0,PPSR - Mixed,4343555.31,0.9266,2022-03-28,90 DPD,0.0527,Workout,28,0.827665,3.5,Elevated,3.2,3.1
211,Commercial,QLD,Wholesale Trade,6532181.67,1361286.31,12.47,1.8,12,Term Loan,13698176.09,11101403.16,2596772.92,1.0,13698176.09,Senior Secured,1,GSR Only,8005828.43,0.5844,2021-02-15,90 DPD,0.0506,Receivership,18,0.873328,3.23,Elevated,3.5,2.9
212,Commercial,VIC,Agriculture,8394311.33,1107081.89,15.31,2.68,3,Term Loan,7244284.17,7243497.46,786.71,1.0,7244284.17,Senior Secured,1,Property,9148807.31,1.2629,2021-09-25,Receivership,0.0642,Workout,15,0.0,3.5,Elevated,2.9,3.6
213,Commercial,NSW,Accommodation & Food,4820728.62,655704.58,5.71,3.94,39,Revolving Credit,2939433.76,1985997.34,953436.42,0.5964,2554636.92,Senior Secured,0,Property,3042167.24,1.1908,2024-04-20,90 DPD,0.0594,Receivership,24,0.273301,2.68,Medium,2.7,3.7
214,Commercial,NSW,Health Care,2211387.52,389125.84,45.83,0.74,27,Revolving Credit,10242171.86,5970129.54,4272042.32,0.5628,8374251.4,Senior Secured,1,Property,6717772.46,0.8022,2023-05-26,Receivership,0.0549,Voluntary Administration,32,0.36999,2.22,Medium,2.1,4.5
215,Commercial,VIC,Transport,2466480.56,544457.32,12.46,2.13,18,Term Loan,5979856.86,5849495.45,130361.41,1.0,5979856.86,Senior Secured,0,Property,6681381.05,1.1173,2023-07-01,Covenant Breach,0.0603,Workout,33,0.160542,2.14,Medium,2.6,3.8
216,Commercial,VIC,Retail Trade,11944184.14,979874.17,20.14,1.3,28,Term Loan,10175726.68,9852794.97,322931.71,1.0,10175726.68,Senior Secured,1,GSR Only,4867713.07,0.4784,2022-05-27,Voluntary Administration,0.0618,Workout,21,0.855887,3.23,Elevated,3.1,3.2
217,Commercial,VIC,Agriculture,3076642.15,695127.14,16.12,1.68,22,Revolving Credit,8741448.71,4443685.22,4297763.48,0.5155,6659360.03,Senior Secured,1,GSR Only,1976601.9,0.2968,2023-06-04,Voluntary Administration,0.0602,Receivership,21,0.938019,3.5,Elevated,2.9,3.6
218,Commercial,QLD,Professional Services,4800595.37,668318.69,37.78,0.75,19,Term Loan,14681164.3,14078598.78,602565.52,1.0,14681164.3,Senior Secured,1,GSR Only,6772035.58,0.4613,2021-10-11,90 DPD,0.0596,Workout,21,0.781227,2.18,Medium,2.3,4.3
219,Commercial,NSW,Health Care,9662750.2,1664930.07,10.59,2.58,20,Term Loan,10764850.72,9865446.22,899404.5,1.0,10764850.72,Senior Secured,1,PPSR - P&E,7508527.83,0.6975,2023-05-21,Covenant Breach,0.0577,Voluntary Administration,20,0.702089,2.22,Medium,2.1,4.5
220,Commercial,NSW,Manufacturing,3601978.39,293859.24,47.59,0.45,27,Overdraft,13449857.27,6870100.03,6579757.24,0.9436,13079042.21,Senior Secured,1,PPSR - Mixed,6015190.44,0.4599,2021-11-23,Voluntary Administration,0.0698,Write-off,28,0.789887,3.5,Elevated,3.2,3.1
221,Commercial,NSW,Manufacturing,7218652.01,767347.39,16.99,2.92,9,Revolving Credit,6285229.14,5061878.61,1223350.52,0.7361,5962433.83,Senior Secured,1,Property,6813475.57,1.1427,2021-08-13,Covenant Breach,0.0674,Receivership,15,0.165303,3.5,Elevated,3.2,3.1
222,Commercial,QLD,Professional Services,2161072.4,527105.0,27.46,0.75,31,Revolving Credit,11589107.98,8537154.65,3051953.33,0.6191,10426615.57,Senior Secured,1,PPSR - Mixed,8533996.12,0.8185,2019-07-08,Voluntary Administration,0.0682,Workout,25,0.446857,2.18,Medium,2.3,4.3
223,Commercial,VIC,Transport,3801261.66,696660.16,31.99,1.1,33,Term Loan,9741940.39,9656189.46,85750.94,1.0,9741940.39,Senior Secured,1,PPSR - P&E,8850065.26,0.9084,2019-05-04,Voluntary Administration,0.0509,Workout,34,0.719959,2.14,Medium,2.6,3.8
224,Commercial,QLD,Manufacturing,3203608.91,531150.8,26.33,1.57,31,Term Loan,6316014.05,5178007.61,1138006.44,1.0,6316014.05,Senior Secured,1,PPSR - Mixed,2682062.07,0.4246,2021-06-17,Voluntary Administration,0.0513,Receivership,27,0.84659,3.5,Elevated,3.2,3.1
225,Commercial,NSW,Professional Services,8338815.63,659655.58,11.3,2.91,30,Term Loan,3555051.67,3216137.18,338914.48,1.0,3555051.67,Senior Secured,0,Property,3656273.58,1.0285,2021-08-09,Covenant Breach,0.0605,Workout,29,0.382876,2.18,Medium,2.3,4.3
226,Commercial,NSW,Professional Services,7751892.95,1868837.54,12.14,3.05,32,Term Loan,9901379.51,9762131.63,139247.88,1.0,9901379.51,Senior Secured,1,PPSR - Mixed,10649152.87,1.0755,2021-09-23,Covenant Breach,0.0674,Voluntary Administration,23,0.63157,2.18,Medium,2.3,4.3
227,Commercial,NSW,Manufacturing,7494578.05,1078677.23,14.34,2.14,26,Term Loan,8490179.78,6809484.95,1680694.83,1.0,8490179.78,Senior Secured,0,Property,7037315.46,0.8289,2019-06-27,Covenant Breach,0.0503,Write-off,27,0.496233,3.5,Elevated,3.2,3.1
228,Commercial,VIC,Professional Services,4781053.06,404449.29,27.61,1.04,30,Term Loan,5462331.97,5107056.59,355275.38,1.0,5462331.97,Senior Secured,0,Property,4018807.8,0.7357,2021-01-23,Covenant Breach,0.057,Receivership,30,0.544427,2.18,Medium,2.3,4.3
229,Commercial,WA,Accommodation & Food,7422829.2,716125.56,31.15,0.83,37,Revolving Credit,14836619.13,9233582.16,5603036.97,0.6132,12669340.17,Senior Secured,1,PPSR - Mixed,9720835.78,0.7673,2024-04-26,90 DPD,0.0691,Receivership,30,0.73521,2.68,Medium,2.7,3.7
230,Commercial,VIC,Manufacturing,2981081.32,687227.52,3.65,9.56,26,Revolving Credit,1250924.58,788952.77,461971.81,0.7005,1112549.77,Senior Unsecured,1,Property,1153575.5,1.0369,2024-03-04,90 DPD,0.0622,Voluntary Administration,12,0.178214,3.5,Elevated,3.2,3.1
231,Commercial,VIC,Manufacturing,3562805.92,393009.5,43.21,0.94,19,Term Loan,9349485.23,8968637.52,380847.71,1.0,9349485.23,Senior Secured,1,PPSR - Receivables,6488777.65,0.694,2023-01-03,Covenant Breach,0.0683,Voluntary Administration,32,0.783987,3.5,Elevated,3.2,3.1
232,Commercial,VIC,Accommodation & Food,8706038.08,1065733.13,12.55,2.35,21,Revolving Credit,7144659.57,6435937.38,708722.2,0.7067,6936802.34,Senior Secured,0,PPSR - Mixed,5441464.74,0.7844,2022-11-20,90 DPD,0.0569,Workout,32,0.827313,2.68,Medium,2.7,3.7
233,Commercial,VIC,Agriculture,4545263.27,1076314.38,17.57,2.46,7,Term Loan,9923307.23,9271613.44,651693.78,1.0,9923307.23,Senior Secured,0,Property,13180514.21,1.3282,2023-09-12,90 DPD,0.0502,Receivership,19,0.141329,3.5,Elevated,2.9,3.6
234,Commercial,SA,Construction,2538828.92,617725.21,35.81,0.67,29,Revolving Credit,13713251.31,10844386.63,2868864.68,0.6154,12609986.14,Senior Secured,1,Property,12998710.73,1.0308,2019-03-08,Receivership,0.0568,Receivership,24,0.164834,2.68,Medium,3.3,3.1
235,Commercial,VIC,Health Care,4982391.58,942704.83,20.43,2.41,39,Revolving Credit,9985946.72,5455115.35,4530831.37,0.5571,7979225.33,Senior Secured,1,PPSR - Mixed,5518935.74,0.6917,2022-09-10,Covenant Breach,0.0632,Receivership,35,0.685801,2.22,Medium,2.1,4.5
236,Commercial,WA,Retail Trade,15411501.84,3282053.85,6.41,7.51,35,Term Loan,9025053.81,8219466.18,805587.63,1.0,9025053.81,Senior Secured,1,GSR Only,4644198.04,0.5146,2019-03-22,Voluntary Administration,0.0669,Receivership,16,0.843176,3.23,Elevated,3.1,3.2
237,Commercial,WA,Manufacturing,4077664.49,477471.84,25.01,1.93,12,Term Loan,5110161.63,4176405.9,933755.72,1.0,5110161.63,Senior Secured,0,Property,4280853.51,0.8377,2023-03-05,Receivership,0.0506,Workout,28,0.419417,3.5,Elevated,3.2,3.1
238,Commercial,QLD,Retail Trade,5064856.51,987556.6,6.39,4.21,11,Revolving Credit,4732278.96,3618067.77,1114211.19,0.5532,4234483.91,Senior Unsecured,0,GSR Only,1308496.55,0.309,2021-07-16,Covenant Breach,0.0523,Receivership,28,1.037609,3.23,Elevated,3.1,3.2
239,Commercial,NSW,Construction,9185749.12,1759647.51,17.52,1.85,12,Term Loan,12390776.43,10978220.54,1412555.89,1.0,12390776.43,Senior Secured,1,Property,15455258.24,1.2473,2018-03-28,90 DPD,0.0639,Voluntary Administration,36,0.116482,2.68,Medium,3.3,3.1
240,Commercial,QLD,Manufacturing,12366068.77,1693370.04,2.51,9.67,6,Term Loan,3730183.18,3236899.52,493283.65,1.0,3730183.18,Senior Unsecured,1,GSR Only,1291136.36,0.3461,2024-03-19,90 DPD,0.0517,Receivership,16,1.002045,3.5,Elevated,3.2,3.1
241,Commercial,NSW,Agriculture,6829207.93,1334410.02,13.44,1.39,10,Revolving Credit,14768608.75,8125716.29,6642892.46,0.6367,12355329.68,Senior Secured,0,PPSR - P&E,12459746.02,1.0085,2020-11-29,Receivership,0.0634,Workout,14,0.789143,3.5,Elevated,2.9,3.6
242,Commercial,NSW,Retail Trade,3729755.91,755994.14,29.23,0.68,38,Term Loan,14404078.75,13937742.99,466335.75,1.0,14404078.75,Senior Secured,1,Property,19996943.98,1.3883,2024-01-15,90 DPD,0.0517,Workout,15,0.000492,3.23,Elevated,3.1,3.2
243,Commercial,QLD,Manufacturing,9958890.96,1158560.58,14.32,2.67,13,Term Loan,7754754.8,7414911.97,339842.83,1.0,7754754.8,Senior Secured,1,GSR Only,2526690.38,0.3258,2020-06-29,Receivership,0.0689,Write-off,17,0.853993,3.5,Elevated,3.2,3.1
244,Commercial,NSW,Manufacturing,2987994.39,480699.88,8.47,3.32,28,Revolving Credit,2403190.51,1639941.52,763248.99,0.7229,2191730.22,Senior Secured,1,PPSR - Receivables,1243904.75,0.5675,2024-05-26,90 DPD,0.0571,Write-off,18,0.70679,3.5,Elevated,3.2,3.1
245,Commercial,NSW,Health Care,26669818.83,3237691.37,3.38,5.63,32,Revolving Credit,7912256.28,6947154.52,965101.76,0.7423,7663548.45,Senior Unsecured,1,Property,6377071.88,0.8321,2019-05-08,Covenant Breach,0.0524,Voluntary Administration,15,0.397964,2.22,Medium,2.1,4.5
246,Commercial,NSW,Construction,2657782.38,449934.61,11.95,1.4,12,Revolving Credit,4778413.35,3653451.47,1124961.88,0.6307,4362943.66,Senior Secured,0,Property,3635219.79,0.8332,2023-09-13,Covenant Breach,0.0502,Workout,14,0.462172,2.68,Medium,3.3,3.1
247,Commercial,SA,Manufacturing,9532998.29,1786179.67,11.12,1.88,25,Overdraft,12672442.55,6982460.64,5689981.91,0.8631,11893555.55,Senior Secured,1,GSR Only,2395150.81,0.2014,2022-06-09,Covenant Breach,0.0684,Receivership,17,0.862301,3.5,Elevated,3.2,3.1
248,Commercial,VIC,Retail Trade,2481114.78,177189.59,10.98,1.91,38,Revolving Credit,1400675.41,1080813.94,319861.47,0.5305,1250489.32,Senior Unsecured,1,PPSR - P&E,864757.99,0.6915,2023-07-20,Voluntary Administration,0.0628,Voluntary Administration,12,0.795903,3.23,Elevated,3.1,3.2
249,Commercial,NSW,Professional Services,14241509.06,900740.32,5.01,7.23,31,Revolving Credit,2203838.04,1425406.82,778431.22,0.5382,1844344.54,Senior Unsecured,0,Property,1820681.16,0.9872,2018-02-12,90 DPD,0.0566,Receivership,29,0.377853,2.18,Medium,2.3,4.3
250,Commercial,VIC,Wholesale Trade,731219.13,136970.77,140.3,0.23,15,Revolving Credit,10141687.12,8603670.49,1538016.62,0.7354,9734739.71,Senior Secured,1,PPSR - Mixed,8606473.26,0.8841,2021-12-16,Covenant Breach,0.0539,Voluntary Administration,28,0.843851,3.23,Elevated,3.5,2.9
251,Commercial,QLD,Wholesale Trade,2769142.89,545083.09,58.42,0.77,18,Overdraft,14103753.25,12935048.73,1168704.52,0.9155,14005041.39,Senior Secured,1,PPSR - P&E,14750603.21,1.0532,2018-11-23,90 DPD,0.0611,Write-off,33,0.603385,3.23,Elevated,3.5,2.9
252,Commercial,QLD,Construction,1171154.01,71006.2,131.33,0.13,10,Term Loan,7356897.11,6773120.12,583776.99,1.0,7356897.11,Senior Unsecured,0,Property,9361309.12,1.2725,2018-04-06,90 DPD,0.0628,Receivership,17,0.007066,2.68,Medium,3.3,3.1
253,Commercial,VIC,Professional Services,2021901.36,106600.87,146.5,0.22,31,Revolving Credit,10563119.47,5370841.77,5192277.7,0.6565,8779426.35,Senior Secured,1,GSR Only,2503524.22,0.2852,2019-02-25,Receivership,0.0511,Receivership,12,1.000483,2.18,Medium,2.3,4.3
254,Commercial,VIC,Agriculture,7327698.14,938564.85,6.01,6.51,11,Term Loan,2953682.37,2824496.11,129186.26,1.0,2953682.37,Senior Unsecured,1,PPSR - Mixed,3072433.95,1.0402,2020-07-10,90 DPD,0.0673,Voluntary Administration,30,0.50067,3.5,Elevated,2.9,3.6
255,Commercial,NSW,Wholesale Trade,20580104.83,4273865.82,7.27,7.64,19,Term Loan,13126255.98,10867293.65,2258962.33,1.0,13126255.98,Senior Secured,0,PPSR - Mixed,7959254.25,0.6064,2024-04-13,Voluntary Administration,0.0583,Receivership,33,0.833933,3.23,Elevated,3.5,2.9
256,Commercial,TAS,Wholesale Trade,2630878.04,568178.18,2.41,15.31,31,Term Loan,587418.67,547654.11,39764.55,1.0,587418.67,Senior Secured,1,PPSR - Mixed,510527.6,0.8691,2021-06-19,90 DPD,0.0614,Workout,17,0.570672,3.23,Elevated,3.5,2.9
257,Commercial,WA,Manufacturing,4034472.36,962366.61,13.6,1.29,7,Term Loan,9516574.0,8060749.92,1455824.08,1.0,9516574.0,Senior Secured,0,GSR Only,4429202.04,0.4654,2020-04-12,Voluntary Administration,0.0647,Workout,16,0.986142,3.5,Elevated,3.2,3.1
258,Commercial,NT,Professional Services,12274191.21,2232495.68,4.67,2.98,6,Term Loan,9575104.32,8924774.74,650329.58,1.0,9575104.32,Senior Secured,1,Property,10199752.85,1.0652,2019-08-26,90 DPD,0.0579,Workout,29,0.227212,2.18,Medium,2.3,4.3
259,Commercial,SA,Accommodation & Food,4046579.6,895793.66,10.24,1.5,12,Term Loan,7890703.72,6796026.99,1094676.73,1.0,7890703.72,Senior Secured,1,Property,9059938.0,1.1482,2020-04-14,Covenant Breach,0.0662,Voluntary Administration,22,0.178595,2.68,Medium,2.7,3.7
260,Commercial,VIC,Accommodation & Food,5630467.99,1205425.25,2.71,8.06,11,Term Loan,2138531.83,1773113.19,365418.64,1.0,2138531.83,Senior Secured,1,PPSR - P&E,1949042.95,0.9114,2018-12-05,90 DPD,0.0668,Voluntary Administration,33,0.489526,2.68,Medium,2.7,3.7
261,Commercial,VIC,Transport,991489.06,120511.08,83.88,0.41,39,Term Loan,6217813.71,5390935.41,826878.3,1.0,6217813.71,Senior Secured,1,PPSR - Mixed,6540781.11,1.0519,2023-10-17,90 DPD,0.067,Receivership,15,0.686043,2.14,Medium,2.6,3.8
262,Commercial,QLD,Construction,7762233.93,1863713.92,0.33,38.88,15,Revolving Credit,680235.58,466927.95,213307.63,0.6994,616124.51,Senior Secured,0,Property,451847.26,0.7334,2020-08-01,90 DPD,0.0573,Workout,36,0.529976,2.68,Medium,3.3,3.1
263,Commercial,VIC,Construction,1916290.57,433410.57,6.54,4.43,34,Term Loan,1388592.85,1229178.43,159414.42,1.0,1388592.85,Senior Secured,0,PPSR - P&E,655023.58,0.4717,2019-02-02,Voluntary Administration,0.0536,Receivership,27,0.984935,2.68,Medium,3.3,3.1
264,Commercial,NSW,Professional Services,4310692.26,607402.68,25.7,1.13,33,Revolving Credit,14623214.56,7882749.25,6740465.31,0.7431,12891505.81,Senior Secured,0,PPSR - Mixed,12905636.63,1.0011,2019-10-23,Voluntary Administration,0.0629,Receivership,15,0.757883,2.18,Medium,2.3,4.3
265,Commercial,NSW,Accommodation & Food,4837985.2,446800.65,18.18,1.03,32,Term Loan,7139051.08,6538582.84,600468.24,1.0,7139051.08,Senior Secured,1,GSR Only,3500588.28,0.4903,2021-04-22,Voluntary Administration,0.0689,Workout,22,0.787638,2.68,Medium,2.7,3.7
266,Commercial,VIC,Accommodation & Food,1899109.75,223623.86,58.21,0.58,24,Term Loan,7734718.31,6995911.65,738806.65,1.0,7734718.31,Senior Unsecured,0,PPSR - Mixed,6854595.24,0.8862,2019-12-16,90 DPD,0.0657,Workout,15,0.571606,2.68,Medium,2.7,3.7
267,Commercial,VIC,Professional Services,10909531.52,2260449.35,2.31,6.92,13,Term Loan,4107232.69,3950810.75,156421.94,1.0,4107232.69,Senior Secured,0,PPSR - P&E,2290677.68,0.5577,2022-10-14,Voluntary Administration,0.0636,Receivership,13,0.76862,2.18,Medium,2.3,4.3
268,Commercial,ACT,Manufacturing,6798314.09,1463983.49,2.61,10.29,23,Term Loan,2904702.66,2449332.26,455370.4,1.0,2904702.66,Senior Secured,1,PPSR - Mixed,1865940.23,0.6424,2023-01-23,90 DPD,0.0591,Workout,24,0.693686,3.5,Elevated,3.2,3.1
269,Commercial,VIC,Health Care,5820945.51,904975.36,18.09,1.17,35,Term Loan,9668002.5,8484416.47,1183586.03,1.0,9668002.5,Senior Secured,1,GSR Only,2584708.55,0.2673,2018-10-29,Voluntary Administration,0.0585,Workout,29,0.88708,2.22,Medium,2.1,4.5
270,Commercial,QLD,Retail Trade,6654779.8,1487897.22,7.37,2.43,3,Term Loan,8318258.38,7416105.4,902152.97,1.0,8318258.38,Senior Secured,1,PPSR - Receivables,5066750.46,0.6091,2018-01-19,90 DPD,0.0679,Workout,32,0.673554,3.23,Elevated,3.1,3.2
271,Commercial,NSW,Retail Trade,2310699.16,178770.56,105.76,0.26,26,Term Loan,12117915.86,10288643.37,1829272.49,1.0,12117915.86,Senior Secured,0,PPSR - Receivables,13207919.5,1.0899,2021-07-06,Receivership,0.0692,Receivership,22,0.715368,3.23,Elevated,3.1,3.2
272,Commercial,VIC,Retail Trade,1232277.57,264445.87,71.87,0.45,13,Overdraft,9801271.36,4977643.91,4823627.45,0.8307,8984600.49,Senior Unsecured,0,Property,6587545.9,0.7332,2023-12-05,90 DPD,0.051,Workout,14,0.525179,3.23,Elevated,3.1,3.2
273,Commercial,NSW,Transport,15522735.88,2209856.29,12.97,2.51,20,Term Loan,11817557.61,11231076.29,586481.32,1.0,11817557.61,Senior Secured,1,GSR Only,6144027.48,0.5199,2019-11-22,90 DPD,0.066,Workout,30,0.805953,2.14,Medium,2.6,3.8
274,Commercial,VIC,Accommodation & Food,8463614.16,782835.43,22.44,1.25,18,Revolving Credit,9687242.15,8445360.12,1241882.03,0.5878,9175358.76,Senior Unsecured,1,PPSR - Mixed,6173517.31,0.6728,2024-05-18,Covenant Breach,0.0681,Voluntary Administration,24,0.795076,2.68,Medium,2.7,3.7
275,Commercial,NSW,Accommodation & Food,25758828.89,4430282.77,3.58,4.17,36,Term Loan,14698524.17,13880696.51,817827.66,1.0,14698524.17,Senior Secured,1,Property,10865424.68,0.7392,2022-01-26,Voluntary Administration,0.064,Receivership,20,0.399347,2.68,Medium,2.7,3.7
276,Commercial,NSW,Accommodation & Food,4382789.11,1013894.0,11.76,3.16,8,Term Loan,6161882.58,5468182.84,693699.73,1.0,6161882.58,Senior Secured,1,PPSR - Receivables,6675110.37,1.0833,2024-05-16,Voluntary Administration,0.0687,Workout,34,0.558471,2.68,Medium,2.7,3.7
277,Commercial,WA,Agriculture,2572752.57,483165.76,40.61,0.88,21,Overdraft,9170875.7,6601132.29,2569743.41,0.922,8970441.91,Senior Secured,1,PPSR - Receivables,7328862.37,0.817,2023-05-23,Covenant Breach,0.0537,Receivership,24,0.781326,3.5,Elevated,2.9,3.6
278,Commercial,NSW,Retail Trade,3445486.72,721385.03,14.66,1.1,3,Term Loan,9426276.6,7829178.69,1597097.91,1.0,9426276.6,Senior Secured,0,GSR Only,5264525.5,0.5585,2018-05-11,90 DPD,0.0562,Receivership,34,0.8353,3.23,Elevated,3.1,3.2
279,Commercial,SA,Accommodation & Food,3170929.85,555269.23,3.46,11.06,23,Overdraft,1312665.61,690497.03,622168.58,0.814,1196946.33,Senior Secured,1,GSR Only,505904.69,0.4227,2021-01-28,90 DPD,0.0532,Voluntary Administration,27,0.826671,2.68,Medium,2.7,3.7
280,Commercial,NSW,Transport,4587952.9,681042.22,9.45,3.99,36,Term Loan,3392303.71,2909396.7,482907.01,1.0,3392303.71,Senior Secured,1,GSR Only,1013053.42,0.2986,2020-03-27,90 DPD,0.0696,Voluntary Administration,21,0.900475,2.14,Medium,2.6,3.8
281,Commercial,WA,Wholesale Trade,1734692.36,239584.79,30.15,0.7,7,Revolving Credit,7213561.9,5745987.7,1467574.2,0.7079,6784934.84,Senior Secured,1,GSR Only,2080081.27,0.3066,2018-01-22,Receivership,0.0586,Receivership,19,0.915982,3.23,Elevated,3.5,2.9
282,Commercial,WA,Professional Services,1554151.44,307798.9,65.38,0.64,12,Term Loan,10998937.31,9344372.83,1654564.48,1.0,10998937.31,Senior Unsecured,1,PPSR - Mixed,7969125.38,0.7245,2022-04-11,90 DPD,0.063,Receivership,18,0.761706,2.18,Medium,2.3,4.3
283,Commercial,NSW,Wholesale Trade,4387374.17,904330.61,28.4,1.37,27,Term Loan,10604837.58,9484477.98,1120359.61,1.0,10604837.58,Senior Secured,1,GSR Only,3747245.54,0.3534,2021-08-08,Receivership,0.0501,Receivership,28,0.91411,3.23,Elevated,3.5,2.9
284,Commercial,QLD,Retail Trade,6880151.76,1013946.64,1.96,9.28,34,Term Loan,1710441.7,1442050.79,268390.9,1.0,1710441.7,Senior Secured,0,GSR Only,616555.25,0.3605,2021-06-17,Voluntary Administration,0.0629,Workout,17,1.017884,3.23,Elevated,3.1,3.2
285,Commercial,WA,Accommodation & Food,3992711.73,991971.99,14.63,3.73,6,Revolving Credit,6612625.59,5223048.16,1389577.43,0.5219,5948226.34,Senior Secured,1,PPSR - P&E,3228189.33,0.5427,2020-01-29,90 DPD,0.063,Workout,15,0.71835,2.68,Medium,2.7,3.7
286,Commercial,SA,Manufacturing,11879552.13,1503456.5,9.92,4.82,33,Term Loan,6888978.19,5538448.25,1350529.94,1.0,6888978.19,Senior Secured,1,PPSR - Mixed,4600398.1,0.6678,2021-08-10,Covenant Breach,0.0672,Workout,13,0.858185,3.5,Elevated,3.2,3.1
287,Commercial,QLD,Accommodation & Food,5270799.19,849818.71,4.62,5.91,26,Term Loan,2267984.31,1819069.45,448914.85,1.0,2267984.31,Senior Secured,0,Property,2488140.27,1.0971,2023-09-14,90 DPD,0.0506,Workout,13,0.190667,2.68,Medium,2.7,3.7
288,Commercial,WA,Professional Services,3463798.02,562326.53,46.94,0.54,28,Revolving Credit,14444220.52,13652166.0,792054.52,0.6681,14181299.78,Senior Secured,0,PPSR - Mixed,8824221.41,0.6222,2020-11-20,Covenant Breach,0.0582,Workout,19,0.790947,2.18,Medium,2.3,4.3
289,Commercial,VIC,Professional Services,5923472.74,1029167.44,13.48,1.15,23,Overdraft,12532431.86,10753445.12,1778986.74,0.8786,12316442.94,Senior Secured,1,PPSR - Mixed,9442546.06,0.7667,2018-04-17,90 DPD,0.0545,Workout,24,0.714305,2.18,Medium,2.3,4.3
290,Commercial,VIC,Health Care,6237849.22,557394.0,38.91,1.02,6,Overdraft,10911870.37,7532112.29,3379758.08,0.9087,10603149.7,Senior Secured,0,Property,8720945.33,0.8225,2023-05-07,Voluntary Administration,0.0525,Receivership,14,0.475517,2.22,Medium,2.1,4.5
291,Commercial,NSW,Transport,18656441.75,2821739.26,2.98,11.16,15,Revolving Credit,4210358.2,3594622.59,615735.61,0.6171,3974562.74,Senior Secured,1,PPSR - Receivables,4352173.83,1.095,2021-05-08,Voluntary Administration,0.0503,Voluntary Administration,26,0.502828,2.14,Medium,2.6,3.8
292,Commercial,VIC,Professional Services,1675341.26,336276.73,26.03,1.18,11,Revolving Credit,7173253.46,5883760.26,1289493.2,0.6461,6716956.87,Senior Secured,1,PPSR - Mixed,7199871.02,1.0719,2021-09-26,90 DPD,0.0519,Write-off,18,0.388617,2.18,Medium,2.3,4.3
293,Commercial,QLD,Retail Trade,9500359.79,1432692.43,7.6,4.8,29,Revolving Credit,6313474.81,5081415.11,1232059.69,0.5176,5719153.22,Senior Unsecured,1,PPSR - Receivables,3617672.1,0.6326,2020-04-26,Receivership,0.065,Receivership,18,0.697718,3.23,Elevated,3.1,3.2
294,Commercial,NSW,Construction,1338220.32,267149.78,65.96,0.64,19,Term Loan,9542495.16,7935576.16,1606919.0,1.0,9542495.16,Senior Secured,1,Property,9793681.57,1.0263,2021-01-26,Receivership,0.0516,Workout,12,0.252349,2.68,Medium,3.3,3.1
295,Commercial,VIC,Mining,855975.7,75433.69,277.4,0.1,35,Term Loan,13955722.76,13333425.39,622297.37,1.0,13955722.76,Senior Secured,1,PPSR - P&E,11927769.48,0.8547,2023-02-06,90 DPD,0.0503,Voluntary Administration,14,0.703229,3.5,Elevated,3.5,2.9
296,Commercial,TAS,Professional Services,1369207.48,77597.89,42.66,0.91,11,Term Loan,1819951.04,1555190.76,264760.28,1.0,1819951.04,Senior Secured,1,PPSR - Mixed,1636225.07,0.899,2019-08-04,Voluntary Administration,0.068,Voluntary Administration,19,0.644646,2.18,Medium,2.3,4.3
297,Commercial,NSW,Agriculture,7252143.97,714175.31,28.05,1.24,17,Term Loan,8025374.27,7231269.71,794104.56,1.0,8025374.27,Senior Secured,1,GSR Only,3599705.57,0.4485,2020-06-28,Covenant Breach,0.062,Workout,24,0.904544,3.5,Elevated,2.9,3.6
298,Commercial,VIC,Agriculture,7964782.76,1767078.74,13.34,2.17,16,Term Loan,13109274.56,11301808.5,1807466.05,1.0,13109274.56,Senior Secured,1,Property,16572082.41,1.2641,2022-03-19,Receivership,0.0537,Workout,23,0.114589,3.5,Elevated,2.9,3.6
299,Commercial,WA,Construction,11776309.32,900171.45,26.08,1.51,34,Overdraft,12324995.77,7492528.59,4832467.17,0.9429,12048915.08,Senior Unsecured,1,Property,16386769.17,1.36,2020-06-29,90 DPD,0.0536,Voluntary Administration,32,0.045364,2.68,Medium,3.3,3.1
300,Commercial,NSW,Mining,1103018.84,114909.86,126.76,0.24,15,Overdraft,7239330.35,5290087.59,1949242.77,0.8407,6928803.67,Senior Unsecured,1,Property,7885793.24,1.1381,2022-01-26,90 DPD,0.0573,Write-off,19,0.240756,3.5,Elevated,3.5,2.9
